{"test_accuracy": [0.9595833333333332, 0.97575, 0.9815, 0.9855833333333334, 0.9866666666666667, 0.9884999999999998, 0.9884166666666665, 0.9895833333333333, 0.9901666666666668, 0.9884999999999999, 0.9893333333333332, 0.9900833333333333, 0.9901666666666668, 0.9922500000000001, 0.9929166666666667, 0.9912499999999999, 0.9930833333333333, 0.9929166666666668, 0.9924999999999999, 0.9924166666666666, 0.9921666666666664, 0.9934166666666668, 0.9925833333333336, 0.9930833333333333, 0.9947499999999999, 0.9944999999999999, 0.9934166666666666, 0.9949999999999998, 0.9931666666666665, 0.9938333333333332, 0.9944999999999999, 0.99375, 0.9953333333333334, 0.9945, 0.9930833333333333, 0.9940000000000001, 0.9934999999999999, 0.9948333333333335, 0.9939166666666668, 0.9941666666666666, 0.9950833333333333, 0.9945833333333333, 0.9946666666666668, 0.9938333333333332, 0.99375, 0.9944999999999999, 0.9948333333333335, 0.9944999999999998, 0.9937499999999999, 0.9942499999999997, 0.9939166666666668, 0.9946666666666666, 0.9939166666666668, 0.99375, 0.9943333333333333, 0.9941666666666669, 0.9935833333333334, 0.9938333333333332, 0.9938333333333333, 0.9933333333333334], "test_loss": [1.3373899999999999, 0.31857, 0.24515999999999996, 0.17102000000000003, 0.14701333333333333, 0.1470233333333333, 0.15714666666666668, 0.11543666666666666, 0.11914666666666665, 0.11837333333333336, 0.1250966666666667, 0.09954666666666667, 0.13264333333333334, 0.09645333333333332, 0.09422, 0.10367666666666667, 0.08497666666666669, 0.08911333333333334, 0.09266666666666667, 0.11251333333333331, 0.09196999999999998, 0.07059666666666667, 0.10630000000000003, 0.10216666666666667, 0.0621, 0.06080666666666668, 0.07973666666666666, 0.08990333333333331, 0.08721666666666668, 0.08787333333333332, 0.07816, 0.07708666666666666, 0.06726333333333333, 0.08851333333333335, 0.10851333333333332, 0.06864666666666666, 0.12034333333333332, 0.07846, 0.08545333333333331, 0.06678333333333333, 0.08857666666666666, 0.07071999999999999, 0.08883333333333332, 0.09601, 0.11218, 0.09332, 0.07246666666666668, 0.08398333333333333, 0.09133, 0.09594333333333334, 0.09443333333333334, 0.07869333333333332, 0.09823999999999998, 0.07989666666666669, 0.06712, 0.07983666666666668, 0.06414666666666667, 0.08667, 0.06736666666666667, 0.10935666666666667]}