{"test_accuracy": [0.9517500000000001, 0.9789166666666667, 0.9858333333333335, 0.9870833333333332, 0.9875833333333334, 0.9898333333333333, 0.9894999999999999, 0.9894999999999998, 0.9905833333333334, 0.9914166666666667, 0.9905, 0.99, 0.9922500000000001, 0.9920833333333332, 0.9918333333333332, 0.99175, 0.9916666666666667, 0.9925833333333333, 0.9931666666666666, 0.9916666666666668, 0.9917499999999998, 0.9926666666666667, 0.9924166666666667, 0.9944166666666666, 0.9909166666666667, 0.9934166666666667, 0.9938333333333332, 0.9934166666666666, 0.9925833333333334, 0.9930000000000001, 0.9925833333333334, 0.9935833333333333, 0.9934166666666666, 0.9938333333333333, 0.9928333333333332, 0.9945, 0.9938333333333332, 0.9934166666666666, 0.9934999999999998, 0.9938333333333332, 0.9933333333333334, 0.9933333333333334, 0.99375, 0.99375, 0.9935833333333333, 0.9931666666666668, 0.9950833333333333, 0.9934166666666666, 0.9946666666666667, 0.9945833333333333, 0.9926666666666667, 0.9924166666666667, 0.9933333333333335, 0.9941666666666665, 0.9941666666666665, 0.99475, 0.9947499999999999, 0.9930000000000001, 0.9955833333333334, 0.9929166666666666], "test_loss": [1.2386966666666668, 0.2616833333333333, 0.16151333333333334, 0.16677666666666666, 0.13894666666666664, 0.13712333333333335, 0.13259, 0.10193999999999998, 0.09092666666666664, 0.08409666666666665, 0.09227000000000002, 0.12439333333333333, 0.09068666666666665, 0.10092, 0.11183666666666667, 0.12728, 0.09657999999999999, 0.08145, 0.0872, 0.10968666666666665, 0.07805666666666666, 0.09417666666666666, 0.1049733333333333, 0.05903333333333334, 0.10444999999999999, 0.08383666666666666, 0.07447, 0.07862, 0.08519000000000002, 0.08659666666666664, 0.08739333333333334, 0.08404333333333332, 0.08843333333333331, 0.08401999999999998, 0.07872, 0.07318, 0.07145666666666667, 0.08558666666666666, 0.07884, 0.07055999999999998, 0.08005000000000001, 0.09256666666666666, 0.08889, 0.08814000000000001, 0.09096666666666667, 0.08419, 0.11626333333333333, 0.10582666666666667, 0.08263666666666668, 0.07006666666666668, 0.11469000000000003, 0.11444666666666668, 0.10260333333333334, 0.08548333333333333, 0.0854, 0.06275333333333334, 0.09974666666666666, 0.11876666666666669, 0.07431333333333333, 0.11891666666666664]}