{"test_accuracy": [0.9596800000000002, 0.9753966666666667, 0.9803966666666667, 0.9788766666666666, 0.98335, 0.98486, 0.98653, 0.9889033333333332, 0.9900666666666667, 0.9897433333333332, 0.9896266666666668, 0.9896766666666666, 0.9891300000000001, 0.9909066666666667, 0.9899066666666666, 0.9902366666666668, 0.9911499999999999, 0.9919399999999999, 0.9907466666666666, 0.9904899999999999, 0.9931333333333332, 0.9912500000000001, 0.9921099999999999, 0.99381, 0.9924399999999999, 0.9931966666666667, 0.9895266666666666, 0.9913266666666666, 0.9943299999999999, 0.9943666666666666, 0.99095, 0.9932733333333332, 0.9920333333333334, 0.99212, 0.9941533333333334, 0.9933566666666667, 0.99473, 0.99206, 0.9935200000000001, 0.9945099999999999, 0.9914033333333333, 0.9919333333333333, 0.9933533333333333, 0.9930733333333334, 0.9936033333333333, 0.9956900000000001, 0.9934633333333335, 0.9927800000000001, 0.9926666666666668, 0.9908233333333333, 0.9933733333333333, 0.9930566666666667, 0.99291, 0.9949966666666668, 0.9941066666666668, 0.9938466666666667, 0.9942066666666668, 0.9921666666666665, 0.9920733333333334, 0.9926733333333334], "test_loss": [0.5180966666666665, 0.2693766666666667, 0.19376333333333334, 0.22114666666666669, 0.19226000000000001, 0.15308666666666665, 0.14320666666666665, 0.12401666666666666, 0.11236666666666667, 0.09077, 0.11687666666666668, 0.10940666666666668, 0.12425, 0.10992666666666666, 0.09240000000000001, 0.10794333333333332, 0.09512666666666666, 0.08562666666666667, 0.10113333333333331, 0.09507999999999997, 0.07150999999999999, 0.09547, 0.09765666666666667, 0.07304, 0.08980666666666666, 0.08719000000000002, 0.10454999999999999, 0.11735666666666668, 0.07482666666666667, 0.06263666666666666, 0.09866666666666668, 0.08962, 0.07519666666666666, 0.07386, 0.07725, 0.07993333333333334, 0.06019333333333333, 0.08925666666666668, 0.09313333333333335, 0.07998333333333332, 0.09827999999999998, 0.10331666666666668, 0.06589333333333333, 0.1118, 0.12804666666666664, 0.05587666666666667, 0.07779000000000001, 0.07382, 0.09043, 0.10858999999999999, 0.13534999999999997, 0.06534666666666666, 0.07868333333333334, 0.07427666666666669, 0.06759000000000001, 0.07632666666666667, 0.07856666666666669, 0.06909, 0.08841333333333333, 0.07110333333333332]}