{"test_accuracy": [0.20358333333333337, 0.19341666666666668, 0.13366666666666666, 0.22899999999999998, 0.54325, 0.4620833333333333, 0.43024999999999997, 0.3503333333333334, 0.41066666666666674, 0.42675, 0.6314166666666666, 0.6075, 0.44408333333333333, 0.42733333333333334, 0.54775, 0.6870833333333333, 0.7868333333333334, 0.7165833333333335, 0.5874166666666667, 0.48974999999999996, 0.6608333333333334, 0.8243333333333334, 0.8575, 0.8304999999999999, 0.69025, 0.5973333333333333, 0.6909166666666665, 0.8049166666666666, 0.8869166666666665, 0.8883333333333334, 0.8825833333333333, 0.8142499999999998, 0.7644166666666667, 0.7746666666666665, 0.8528333333333332, 0.89375, 0.9083333333333333, 0.887, 0.8398333333333333, 0.7359999999999999, 0.7755833333333335, 0.8676666666666666, 0.9191666666666667, 0.9243333333333335, 0.9279999999999998, 0.9368333333333335, 0.9371666666666667, 0.9429166666666666, 0.946083333333333, 0.9511666666666668, 0.9510833333333334, 0.95325, 0.957, 0.9489166666666667, 0.9594166666666665, 0.9602499999999999, 0.9600000000000001, 0.9615833333333332, 0.9621666666666667, 0.9638333333333335], "test_loss": [8.835913333333334, 9.586089999999997, 12.676193333333334, 9.300593333333333, 8.008650000000001, 7.40885, 7.067593333333335, 8.190946666666663, 8.350439999999999, 7.105483333333333, 5.711216666666667, 5.285443333333333, 6.102946666666666, 7.4486099999999995, 5.88036, 4.532493333333332, 3.3065366666666667, 3.487223333333333, 4.441493333333332, 7.1621233333333345, 4.275956666666667, 2.772973333333333, 2.1842699999999997, 2.2829166666666665, 3.748616666666666, 4.954696666666666, 3.811396666666667, 2.4255800000000005, 1.7351266666666667, 1.657126666666667, 1.6484633333333334, 2.355316666666667, 3.470846666666667, 3.5316199999999998, 1.9971399999999997, 1.50913, 1.361263333333333, 1.3481333333333332, 1.7343933333333332, 3.1890666666666663, 3.477273333333334, 1.7225700000000002, 1.1675133333333332, 1.0798499999999998, 1.0403666666666667, 0.9055400000000001, 0.8538666666666667, 0.74612, 0.71802, 0.6504333333333334, 0.6516366666666668, 0.5839599999999999, 0.5589600000000001, 0.7177366666666668, 0.5524633333333334, 0.5112466666666666, 0.4833166666666667, 0.47152333333333335, 0.44636999999999993, 0.4165133333333334]}