{"test_accuracy": [0.44949999999999996, 0.7430000000000001, 0.8834166666666667, 0.9218333333333334, 0.9211666666666666, 0.9429166666666666, 0.9484999999999999, 0.9458333333333334, 0.95325, 0.9509166666666666, 0.9542500000000002, 0.9601666666666665, 0.9627500000000001, 0.9703333333333333, 0.9700833333333332, 0.9744999999999998, 0.9745000000000001, 0.9767500000000002, 0.9794166666666666, 0.9803333333333336, 0.9822500000000001, 0.9816666666666668, 0.9829166666666668, 0.9848333333333333, 0.9854166666666667, 0.9851666666666667, 0.98575, 0.9889166666666666, 0.9879999999999999, 0.98675, 0.9875, 0.9890833333333332, 0.9896666666666667, 0.9903333333333334, 0.9869166666666668, 0.99025, 0.99, 0.99, 0.9883333333333332, 0.9895833333333335, 0.9897500000000001, 0.9922500000000001, 0.9902500000000002, 0.9906666666666666, 0.9914166666666665, 0.9900833333333335, 0.9917499999999999, 0.9915, 0.9912500000000001, 0.9911666666666668, 0.9904999999999998, 0.9924166666666667, 0.9905833333333333, 0.9929166666666666, 0.9913333333333334, 0.99025, 0.9919999999999999, 0.9927499999999999, 0.9913333333333334, 0.9906666666666667], "test_loss": [8.640676666666668, 7.0739600000000005, 4.2943766666666665, 2.026983333333334, 1.9219233333333334, 1.1088533333333332, 0.8847566666666666, 0.8457933333333334, 0.7105833333333335, 0.6818133333333333, 0.6462166666666666, 0.5375099999999999, 0.5185466666666667, 0.42450000000000004, 0.40260999999999997, 0.33383666666666667, 0.32745666666666673, 0.29607, 0.26677666666666666, 0.22723333333333334, 0.20486000000000001, 0.21486333333333332, 0.19895000000000002, 0.18179666666666663, 0.16488999999999995, 0.16455999999999998, 0.16064333333333333, 0.13919333333333334, 0.14848, 0.14597666666666667, 0.1507933333333333, 0.13339333333333334, 0.10704, 0.10298666666666663, 0.13544666666666666, 0.11524, 0.12414333333333333, 0.13912, 0.1544433333333333, 0.12424333333333334, 0.11964333333333334, 0.08245333333333332, 0.12202, 0.11745666666666667, 0.10868666666666665, 0.14272333333333337, 0.10449666666666667, 0.09479, 0.13655333333333333, 0.12671666666666667, 0.10759666666666665, 0.11668666666666667, 0.14428666666666665, 0.08080333333333334, 0.1328633333333333, 0.12536666666666668, 0.11761333333333333, 0.09814666666666666, 0.11165333333333333, 0.12991666666666665]}