{"test_accuracy": [0.1, 0.11633333333333333, 0.11516666666666667, 0.11224999999999999, 0.12816666666666665, 0.11658333333333333, 0.10466666666666669, 0.13574999999999998, 0.12399999999999999, 0.1, 0.13741666666666666, 0.10874999999999999, 0.15424999999999997, 0.13649999999999998, 0.1165, 0.14774999999999996, 0.08166666666666665, 0.11900000000000002, 0.07041666666666666, 0.137, 0.08483333333333333, 0.137, 0.16508333333333336, 0.15591666666666668, 0.16016666666666668, 0.12966666666666668, 0.1680833333333333, 0.12133333333333332, 0.1685833333333333, 0.14575000000000005, 0.15816666666666665, 0.16075, 0.15991666666666668, 0.1721666666666667, 0.15583333333333332, 0.14958333333333332, 0.15125, 0.15633333333333335, 0.11258333333333333, 0.19025, 0.1789166666666667, 0.15116666666666664, 0.16216666666666665, 0.16333333333333327, 0.23599999999999993, 0.24783333333333335, 0.2685, 0.2764166666666667, 0.29183333333333333, 0.3185833333333334, 0.32549999999999996, 0.33433333333333337, 0.3523333333333334, 0.351, 0.36766666666666664, 0.3774166666666667, 0.3945833333333334, 0.38925000000000004, 0.40525000000000005, 0.4406666666666667], "test_loss": [9.477516666666668, 9.232766666666667, 9.187313333333334, 9.276173333333332, 9.615866666666667, 10.015406666666667, 11.569853333333333, 10.30437, 10.788409999999999, 10.057626666666668, 9.632579999999999, 9.702666666666664, 10.162576666666665, 9.674466666666666, 9.833563333333332, 9.820959999999998, 10.152916666666668, 10.09885333333333, 10.069073333333334, 9.794876666666669, 10.861033333333332, 10.067863333333333, 9.66714666666667, 9.847633333333333, 9.870266666666668, 9.747716666666667, 9.753459999999999, 9.52913, 9.761966666666666, 9.573009999999998, 9.752790000000001, 9.27399, 9.768926666666667, 9.082939999999999, 9.364643333333332, 9.05979, 10.021103333333334, 9.26203, 10.137296666666666, 9.824666666666666, 10.169880000000001, 9.27542, 9.429660000000004, 9.371213333333335, 8.34751, 8.0285, 7.74543, 7.688006666666666, 7.4989566666666665, 7.348043333333333, 7.181230000000001, 7.095213333333332, 6.963796666666666, 6.9011433333333345, 6.7421533333333326, 6.64729, 6.511216666666667, 6.590363333333332, 6.404416666666667, 6.37695]}