{"test_accuracy": [1.0, 1.0, 1.0, 1.0, 1.0, 1.0, 1.0, 0.1, 1.0, 1.0, 1.0, 1.0, 1.0, 1.0, 0.5006566666666666, 0.5081033333333332, 0.5059366666666667, 0.5009699999999999, 0.49630666666666656, 0.5033133333333334, 0.5095733333333333, 0.49676666666666663, 0.5015633333333334, 0.4963666666666667, 0.5067, 0.49667333333333324, 0.5033666666666666, 0.50728, 0.50792, 0.26897333333333334, 0.27004, 0.27058, 0.2690666666666666, 0.2701566666666667, 0.27626333333333336, 0.27441666666666664, 0.26961333333333337, 0.27098, 0.27071, 0.27336333333333335, 0.27101333333333333, 0.2757, 0.27014333333333335, 0.2716366666666667, 0.15083666666666665, 0.14925333333333332, 0.14919, 0.14753999999999998, 0.14368, 0.1483366666666667, 0.14575333333333337, 0.13965333333333335, 0.14941666666666667, 0.14370666666666668, 0.14523666666666665, 0.14024333333333336, 0.14379, 0.1445566666666667, 0.14367, 0.10118666666666667], "test_loss": [9.139323333333333, 7.972809999999999, 8.05585333333333, 8.110466666666666, 8.127066666666666, 8.130880000000001, 8.131736666666665, 9.211023333333333, 9.034416666666667, 8.31101, 8.140386666666666, 8.128273333333334, 8.13327, 8.13573, 8.73825, 8.734566666666666, 8.736846666666668, 8.741996666666667, 8.74529, 8.740086666666667, 8.731846666666666, 8.740413333333333, 8.741003333333333, 8.745146666666667, 8.735396666666666, 8.749923333333333, 8.738926666666668, 8.73442, 8.732596666666668, 9.022183333333334, 9.022623333333334, 9.021953333333332, 9.023159999999999, 9.02147, 9.014523333333333, 9.01731, 9.022236666666666, 9.020203333333333, 9.021426666666665, 9.01861, 9.021163333333334, 9.014376666666665, 9.02176, 9.01979, 11.459453333333334, 11.465269999999999, 11.46255, 11.462173333333332, 11.465860000000001, 11.461400000000001, 11.467176666666663, 11.47597, 11.458049999999998, 11.470723333333332, 11.465486666666667, 11.477219999999997, 11.46549, 11.473456666666666, 11.465746666666666, 11.572763333333333]}