{"test_accuracy": [0.3, 0.2, 0.1, 0.107, 0.13260666666666665, 0.11005333333333334, 0.13348333333333334, 0.11071666666666667, 0.11104333333333333, 0.1206, 0.11845, 0.14385, 0.06926, 0.11243666666666667, 0.13070333333333334, 0.1745033333333334, 0.19125666666666666, 0.2146366666666667, 0.2282566666666667, 0.2107466666666667, 0.24486999999999995, 0.2887033333333333, 0.32544000000000006, 0.35405, 0.40818333333333334, 0.44244999999999995, 0.46271999999999996, 0.4818833333333334, 0.4923066666666667, 0.5140199999999999, 0.5345433333333334, 0.5492066666666666, 0.5658533333333332, 0.5844566666666666, 0.5900500000000001, 0.6090733333333332, 0.6183866666666666, 0.6312533333333333, 0.6390433333333333, 0.6509966666666664, 0.6603699999999999, 0.6691699999999999, 0.6772133333333333, 0.6826300000000001, 0.6884166666666667, 0.7014966666666669, 0.6983666666666667, 0.7045366666666666, 0.7099799999999999, 0.7130233333333333, 0.7165366666666667, 0.7214933333333332, 0.72344, 0.7251933333333332, 0.7288933333333333, 0.72638, 0.7315866666666666, 0.7343166666666667, 0.7367933333333332, 0.7388233333333333], "test_loss": [9.015746666666669, 8.837323333333332, 9.273273333333332, 9.195076666666667, 9.19586, 9.286396666666668, 9.489003333333333, 10.10643, 11.09112, 11.545236666666664, 10.208943333333332, 10.290783333333332, 9.776910000000003, 9.644156666666667, 11.516090000000002, 11.409206666666666, 11.113173333333332, 10.565529999999997, 10.153076666666667, 9.84067, 9.5043, 9.195516666666666, 8.925933333333331, 8.652836666666667, 9.968506666666666, 9.459466666666666, 9.079406666666667, 8.604203333333334, 8.4831, 8.146296666666668, 7.810066666666666, 7.551926666666668, 7.3475600000000005, 7.1282466666666675, 8.118526666666666, 7.809129999999999, 7.651250000000001, 7.438056666666667, 7.198433333333333, 7.309103333333335, 7.138709999999999, 6.925610000000001, 6.76293, 6.65107, 7.197456666666667, 6.93043, 6.932153333333334, 6.823179999999999, 6.773916666666667, 7.592156666666668, 7.470363333333334, 7.36293, 7.376346666666667, 7.298483333333335, 8.01087, 8.068116666666667, 7.943133333333333, 7.973226666666666, 7.9737599999999995, 8.51617]}