{"test_accuracy": [0.2980655621505264, 0.18547916810275905, 0.14762000857117816, 0.19394284112314686, 0.16126941917274723, 0.137888515784239, 0.17219690705671764, 0.14125532828026705, 0.21714260215286812, 0.17879728639518905, 0.17013654499082265, 0.15533366593692904, 0.14453012811431581, 0.16014035471445287, 0.16128792232892708, 0.17321790369810075, 0.1703810783624168, 0.1367535054619084, 0.17300063014335776, 0.13990254155471082, 0.16984551754609245, 0.20014800791373544, 0.20088905609421398, 0.17792564633264024, 0.17096790445728882, 0.14112259039679817, 0.2124167307992162, 0.1704941075488864, 0.1412733316153837, 0.19021561723062647, 0.1674947997204017, 0.19999355731870033, 0.13340337360020277, 0.17998059270143346, 0.15101614691428825, 0.17978019926890443, 0.1506485919089623, 0.18032654802579606, 0.1950864887700326, 0.1433461522962683, 0.13800821865862298, 0.1872297836398646, 0.1321542029100126, 0.15285279675881663, 0.17242237787775222, 0.16132071261453867, 0.20911843905080035, 0.19021391765035223, 0.18231780007737447, 0.20161801309277533, 0.28125282021119985, 0.22845196166090814, 0.27601109525586465, 0.2714594690782465, 0.2492134130627675, 0.23437288487042662, 0.3231070469532365, 0.24130130080906304, 0.29411875643218893, 0.35063813840519586], "test_loss": [9.388399999999999, 9.22885, 9.239390000000002, 9.509226666666667, 10.115593333333331, 10.597513333333334, 9.90996, 9.832586666666666, 9.628183333333332, 9.857850000000003, 9.62859, 9.628980000000002, 10.18773, 9.821646666666664, 9.821323333333336, 9.846956666666667, 9.827873333333335, 9.788776666666665, 9.70039333333333, 9.422906666666668, 9.796753333333331, 9.878116666666667, 9.744766666666667, 9.68302, 9.285253333333335, 9.667509999999998, 9.281213333333334, 9.952820000000001, 9.550073333333334, 9.718376666666668, 9.50642, 9.756639999999999, 9.658543333333332, 9.721786666666667, 9.16018, 9.309886666666667, 8.96427, 9.422223333333335, 9.0719, 9.287960000000002, 9.520453333333332, 9.631243333333334, 9.81228, 9.691856666666666, 9.210479999999999, 9.585326666666669, 9.236130000000001, 9.444796666666665, 9.655783333333334, 9.68740666666667, 8.989209999999998, 8.84712, 9.266243333333335, 9.068333333333333, 8.890103333333334, 8.88987, 8.850933333333334, 8.692326666666666, 9.577163333333333, 10.200966666666666]}