{"test_accuracy": [0.36175, 0.42475, 0.4735833333333333, 0.5056666666666667, 0.5415466666666666, 0.57765, 0.6041233333333335, 0.61556, 0.6298233333333333, 0.6480466666666668, 0.6661166666666667, 0.6775300000000001, 0.6848600000000001, 0.6872833333333331, 0.7053166666666666, 0.7121899999999999, 0.7190699999999999, 0.7202966666666666, 0.7247066666666667, 0.7327933333333333, 0.7328333333333333, 0.7388299999999999, 0.7430699999999999, 0.7467400000000001, 0.74728, 0.7500700000000001, 0.7559100000000001, 0.7588933333333332, 0.7602166666666667, 0.7676533333333333, 0.7639833333333332, 0.7621133333333334, 0.7696866666666666, 0.7692466666666665, 0.7727866666666666, 0.7736533333333334, 0.77384, 0.7786966666666667, 0.77602, 0.7782900000000003, 0.7734333333333334, 0.7817799999999999, 0.7813733333333334, 0.7787999999999999, 0.7778666666666667, 0.78416, 0.7824766666666666, 0.7813866666666666, 0.7837166666666667, 0.78235, 0.7889666666666666, 0.7823100000000002, 0.7875533333333333, 0.7834866666666666, 0.7859133333333332, 0.7865933333333335, 0.7838366666666668, 0.7888499999999999, 0.78951, 0.7918533333333334], "test_loss": [7.20103, 6.319816666666667, 5.883450000000001, 5.443683333333333, 5.161213333333334, 4.808306666666667, 4.5404599999999995, 4.421566666666666, 4.240663333333334, 4.063893333333334, 3.87166, 3.7820600000000004, 3.67948, 3.6040066666666672, 4.321603333333333, 4.18295, 4.05516, 3.98436, 4.037936666666667, 3.994883333333334, 3.89361, 3.865596666666667, 3.7811299999999997, 3.71787, 4.4663900000000005, 4.350373333333334, 4.270409999999999, 4.3347, 4.291713333333333, 4.178256666666667, 4.233353333333334, 4.250596666666667, 4.1268, 4.10475, 4.857449999999999, 4.741783333333334, 4.767173333333334, 4.726446666666667, 4.816213333333334, 4.980673333333333, 5.024416666666666, 4.907740000000001, 4.959436666666666, 5.121106666666665, 5.52699, 5.412016666666669, 5.481953333333332, 5.53379, 5.4818333333333324, 6.1720333333333315, 6.064623333333332, 6.319816666666668, 6.077646666666666, 6.220106666666668, 6.900433333333334, 6.939703333333335, 7.001656666666666, 6.881486666666666, 6.952976666666666, 7.549003333333334]}