{"test_accuracy": [0.18766666666666668, 0.29999999999999993, 0.334, 0.38425, 0.4096666666666666, 0.43291666666666667, 0.46199999999999997, 0.47200000000000003, 0.4795833333333333, 0.4997633333333333, 0.5097066666666668, 0.5145933333333333, 0.5326933333333334, 0.5317366666666667, 0.5383366666666666, 0.5558666666666667, 0.5592433333333333, 0.5645266666666667, 0.56643, 0.5678366666666667, 0.5818033333333335, 0.5801766666666666, 0.5978066666666666, 0.59791, 0.5972366666666666, 0.6042700000000001, 0.6101666666666666, 0.6147466666666667, 0.6249566666666667, 0.6085033333333334, 0.6103699999999999, 0.6234166666666667, 0.6382233333333331, 0.6464, 0.6390133333333333, 0.6410666666666668, 0.6407733333333334, 0.6564933333333335, 0.6533700000000001, 0.6645466666666667, 0.6763399999999999, 0.6790600000000001, 0.6812966666666667, 0.6797900000000001, 0.6896500000000001, 0.6847833333333334, 0.6936533333333331, 0.6993599999999999, 0.6969533333333333, 0.69351, 0.6988733333333333, 0.7064866666666666, 0.7004366666666667, 0.7090566666666668, 0.7085233333333334, 0.7163266666666668, 0.71284, 0.7114299999999999, 0.7163499999999999, 0.7145633333333333], "test_loss": [9.00502, 8.502836666666665, 7.956223333333333, 7.489130000000001, 7.1975066666666665, 6.9209966666666665, 6.6215866666666665, 6.4110033333333325, 6.245186666666667, 6.015326666666666, 5.872156666666666, 5.732650000000001, 5.606273333333333, 5.497513333333333, 5.421786666666667, 5.27197, 5.20555, 5.12904, 5.040380000000001, 5.059756666666668, 4.9149, 4.878900000000001, 4.776476666666666, 4.7382599999999995, 4.758916666666667, 4.709133333333333, 4.621353333333333, 4.528246666666667, 4.449953333333332, 5.627026666666667, 5.56247, 5.4051866666666655, 5.211883333333333, 5.142693333333331, 5.1838299999999995, 5.080496666666666, 5.084946666666666, 4.905959999999999, 4.939609999999999, 4.86998, 4.7176800000000005, 4.677576666666666, 4.577596666666667, 4.594340000000001, 4.477056666666667, 4.520480000000001, 4.4069666666666665, 4.3653699999999995, 4.334756666666666, 5.175246666666667, 5.122256666666667, 5.053466666666667, 5.095813333333333, 4.994833333333333, 5.021526666666666, 4.963853333333334, 4.90956, 4.916343333333333, 4.884123333333332, 4.901866666666667]}