{"test_accuracy": [0.14316666666666666, 0.2373333333333333, 0.27741666666666664, 0.30975, 0.33675, 0.34925, 0.38508333333333333, 0.4041666666666667, 0.4160833333333334, 0.47850333333333334, 0.49151333333333336, 0.5003033333333334, 0.5111166666666667, 0.5274333333333334, 0.5330533333333334, 0.5498233333333334, 0.5548699999999999, 0.5550233333333332, 0.5659433333333334, 0.5522799999999999, 0.5746466666666666, 0.5683433333333333, 0.5770833333333333, 0.5802366666666666, 0.59081, 0.5929233333333332, 0.60171, 0.6112366666666668, 0.61487, 0.6138766666666667, 0.6119199999999999, 0.6165533333333334, 0.6270133333333333, 0.6378400000000002, 0.63489, 0.6383333333333334, 0.6422933333333333, 0.6446499999999998, 0.65115, 0.6447733333333333, 0.6438166666666667, 0.6448200000000001, 0.66091, 0.6586233333333333, 0.6676000000000001, 0.6704733333333334, 0.6729066666666667, 0.6804933333333335, 0.6769133333333335, 0.68345, 0.6893733333333334, 0.6989966666666666, 0.7028633333333334, 0.7008266666666667, 0.7064533333333335, 0.7080300000000002, 0.70398, 0.7161433333333334, 0.7151200000000001, 0.7100633333333335], "test_loss": [9.076216666666665, 8.679783333333335, 8.254536666666668, 7.888470000000001, 7.561216666666667, 7.281680000000001, 7.042420000000001, 6.790633333333334, 6.57532, 6.187946666666666, 6.028756666666665, 5.92972, 5.799416666666667, 5.581959999999999, 5.514803333333333, 5.4015933333333335, 5.2748099999999996, 5.236936666666666, 5.124049999999999, 5.236323333333334, 5.049843333333334, 5.0450066666666675, 4.931323333333333, 4.897943333333333, 4.7790300000000006, 4.76831, 4.713790000000001, 4.604543333333334, 4.542699999999999, 5.626566666666665, 5.54212, 5.428090000000001, 5.297553333333334, 5.23593, 5.258683333333333, 5.210776666666667, 5.07539, 5.095666666666667, 4.99655, 5.098563333333333, 5.044880000000001, 4.957590000000001, 4.900880000000001, 4.838926666666667, 4.759626666666666, 4.7744100000000005, 4.7050600000000005, 4.62843, 4.63691, 5.457823333333334, 5.3891599999999995, 5.23967, 5.184906666666666, 5.208676666666666, 5.049803333333334, 5.056113333333333, 5.18822, 4.9660400000000005, 5.0156166666666655, 4.999243333333334]}