{"test_accuracy": [0.18175000000000002, 0.22558333333333333, 0.19925, 0.22116666666666668, 0.40158333333333335, 0.33066666666666666, 0.5156666666666667, 0.46758333333333335, 0.44783333333333336, 0.60625, 0.6893333333333332, 0.4505, 0.4491666666666667, 0.33891666666666664, 0.6931666666666666, 0.8850000000000001, 0.9116666666666668, 0.92275, 0.9351666666666668, 0.9489166666666666, 0.9512499999999998, 0.9536666666666666, 0.9613333333333334, 0.9654999999999999, 0.9700833333333333, 0.9728333333333335, 0.9770000000000002, 0.9770000000000001, 0.9799166666666665, 0.9794999999999998, 0.9814999999999999, 0.9838333333333334, 0.9861666666666664, 0.9856666666666667, 0.9862500000000002, 0.9871666666666666, 0.9868333333333333, 0.98625, 0.9881666666666666, 0.9895833333333334, 0.9895833333333334, 0.9884999999999997, 0.9905833333333334, 0.9890000000000001, 0.9893333333333333, 0.9900833333333332, 0.9914999999999999, 0.9909166666666666, 0.9910833333333333, 0.9899166666666667, 0.9903333333333334, 0.9896666666666667, 0.99225, 0.9896666666666667, 0.9907499999999999, 0.9907499999999999, 0.9920000000000001, 0.9897499999999997, 0.99075, 0.9914999999999999], "test_loss": [9.061983333333332, 9.517356666666666, 10.816773333333336, 8.833666666666666, 8.063186666666667, 7.693613333333333, 7.593466666666667, 7.843566666666667, 7.189643333333334, 6.172756666666667, 5.153583333333332, 5.568386666666667, 8.923746666666668, 7.923303333333335, 4.6294, 2.4898000000000007, 1.7979333333333334, 1.4210966666666667, 1.14938, 0.9239466666666666, 0.7796400000000001, 0.7161433333333332, 0.5374599999999999, 0.45529, 0.44149, 0.32981666666666665, 0.2675, 0.3100766666666666, 0.25166666666666665, 0.22458, 0.21566666666666676, 0.17420333333333335, 0.17929999999999996, 0.1743166666666667, 0.17972, 0.1648233333333333, 0.15736000000000003, 0.15593333333333334, 0.11684, 0.11465999999999998, 0.11350333333333333, 0.15369333333333335, 0.13236333333333333, 0.13235999999999998, 0.11598333333333331, 0.10401666666666665, 0.10119666666666667, 0.09663, 0.0859, 0.12933666666666666, 0.10008333333333334, 0.12739666666666669, 0.08137666666666667, 0.12991000000000003, 0.09328333333333334, 0.12328999999999998, 0.10459, 0.12696333333333332, 0.09866, 0.11957666666666666]}