{"test_accuracy": [1.0, 1.0, 1.0, 1.0, 0.4731333333333333, 0.47717333333333334, 0.47222333333333333, 0.4689366666666666, 0.47500666666666663, 0.24048000000000005, 0.2431566666666667, 0.24666, 0.23922333333333334, 0.2406933333333333, 0.14711666666666667, 0.13293333333333332, 0.5799766666666667, 0.53255, 0.6551433333333334, 0.7256533333333333, 0.7895366666666664, 0.8272499999999998, 0.8527533333333334, 0.8877933333333333, 0.8873800000000002, 0.9244133333333333, 0.88914, 0.8983500000000002, 0.89668, 0.9378999999999998, 0.9583033333333335, 0.8693866666666666, 0.9574766666666666, 0.9650333333333333, 0.9703166666666666, 0.9731733333333336, 0.9735033333333333, 0.97534, 0.9749266666666667, 0.9788966666666667, 0.9785699999999998, 0.9791500000000001, 0.9792566666666666, 0.9813266666666665, 0.9810466666666667, 0.98254, 0.98262, 0.9821999999999999, 0.9829366666666667, 0.9833833333333332, 0.9823633333333333, 0.9841933333333334, 0.98478, 0.9858800000000001, 0.98541, 0.9860233333333334, 0.9861233333333332, 0.9869633333333334, 0.9865099999999999, 0.98727], "test_loss": [9.142463333333332, 8.710393333333334, 8.637333333333332, 8.626906666666667, 8.968653333333334, 8.968123333333333, 8.970709999999999, 8.97306, 8.968886666666664, 9.123439999999999, 9.121566666666666, 9.119533333333331, 9.124560000000002, 9.123136666666666, 11.420213333333331, 10.830876666666667, 9.973089999999997, 8.511123333333332, 7.480413333333333, 5.2822000000000005, 3.6962266666666665, 2.8342033333333334, 2.41208, 1.9080833333333336, 1.9549266666666667, 1.5651333333333335, 1.59651, 1.4500733333333329, 1.558486666666667, 1.0113233333333334, 0.7487666666666668, 3.153656666666667, 0.8282433333333332, 0.6277766666666668, 0.6501300000000001, 0.5446833333333333, 0.5456466666666667, 0.52946, 0.5144833333333334, 0.46773333333333333, 0.4752866666666667, 0.4539733333333333, 0.4262100000000001, 0.4302, 0.45923, 0.44267999999999996, 0.43909333333333334, 0.4108266666666667, 0.4428166666666666, 0.46659, 0.47556666666666664, 0.42357, 0.4520466666666667, 0.42795, 0.44182666666666665, 0.46440999999999993, 0.4171066666666668, 0.41535000000000005, 0.41185000000000005, 0.4405466666666667]}