{"test_accuracy": [0.2809166666666666, 0.238, 0.10058333333333332, 0.24591666666666664, 0.30934333333333336, 0.43437000000000003, 0.41682, 0.34462333333333334, 0.3881866666666667, 0.5360033333333334, 0.5578266666666667, 0.7285233333333333, 0.6266966666666668, 0.43068666666666666, 0.5783566666666666, 0.7248566666666668, 0.8633133333333335, 0.9031399999999999, 0.91159, 0.9336800000000001, 0.9512066666666665, 0.95339, 0.9597733333333333, 0.9623833333333331, 0.9657633333333332, 0.9665133333333332, 0.9741833333333331, 0.9772433333333331, 0.9776866666666665, 0.9807233333333333, 0.98119, 0.9811033333333332, 0.9839133333333332, 0.9856566666666666, 0.9838533333333336, 0.98751, 0.9876266666666663, 0.9880899999999999, 0.9865833333333334, 0.98902, 0.9878433333333334, 0.9878033333333335, 0.9896433333333334, 0.9894733333333333, 0.9890866666666668, 0.9899966666666667, 0.9898566666666666, 0.9909133333333333, 0.98952, 0.9892733333333336, 0.9896499999999998, 0.9915066666666664, 0.9909733333333334, 0.98938, 0.9912266666666667, 0.9907266666666668, 0.99149, 0.9908566666666666, 0.9912533333333332, 0.9913133333333335], "test_loss": [8.788260000000001, 9.002013333333332, 11.822993333333333, 9.640836666666669, 8.307173333333333, 7.342836666666666, 6.811939999999998, 7.164233333333333, 8.596196666666664, 6.507043333333332, 5.6125766666666665, 4.334876666666667, 4.289423333333334, 8.985999999999999, 7.91425, 4.673236666666666, 2.9289166666666664, 2.102433333333333, 1.7602566666666666, 1.2760833333333332, 0.9695900000000001, 0.8115633333333333, 0.6813133333333333, 0.5984200000000001, 0.6187033333333332, 0.6544300000000002, 0.4645266666666667, 0.37431666666666674, 0.37418666666666667, 0.33860666666666656, 0.30245, 0.30528000000000005, 0.2751866666666667, 0.23631333333333335, 0.2908833333333333, 0.2704866666666667, 0.26355333333333336, 0.22696666666666668, 0.2532133333333334, 0.24255333333333334, 0.239, 0.25022999999999995, 0.2357066666666667, 0.21333999999999997, 0.2467333333333333, 0.22849666666666665, 0.22452333333333332, 0.22735333333333332, 0.23663666666666666, 0.2895433333333333, 0.28329333333333323, 0.22943999999999998, 0.25825333333333333, 0.2664233333333333, 0.24670333333333333, 0.27464333333333335, 0.26711666666666667, 0.25626666666666664, 0.27038, 0.27304666666666666]}