{"test_accuracy": [0.4116666666666667, 0.24325000000000005, 0.1, 0.21608333333333332, 0.26949, 0.23082000000000005, 0.23190666666666668, 0.24176999999999998, 0.2826333333333333, 0.2974066666666666, 0.46081666666666676, 0.25176666666666675, 0.1853633333333333, 0.3831333333333333, 0.61689, 0.7936633333333333, 0.8477966666666669, 0.86918, 0.8811366666666667, 0.8890399999999999, 0.93571, 0.9418033333333333, 0.9534466666666666, 0.9579433333333333, 0.96245, 0.96922, 0.9683766666666668, 0.9719533333333332, 0.9770333333333331, 0.9777966666666664, 0.9789633333333333, 0.9814166666666667, 0.9832433333333335, 0.9839299999999999, 0.9848133333333334, 0.9857733333333332, 0.9862800000000002, 0.9871099999999999, 0.98619, 0.9877166666666668, 0.9869100000000001, 0.9879466666666665, 0.98672, 0.9880933333333334, 0.9885166666666666, 0.9889333333333333, 0.98919, 0.9895666666666666, 0.9903800000000001, 0.9897566666666667, 0.9910233333333334, 0.9895, 0.9904233333333334, 0.9905733333333332, 0.9910333333333334, 0.9910200000000001, 0.9910666666666669, 0.99019, 0.9909266666666666, 0.9914299999999999], "test_loss": [8.556803333333333, 9.238953333333333, 9.235610000000001, 9.560076666666665, 8.737373333333332, 8.848213333333332, 8.584256666666667, 9.17487, 8.869273333333334, 8.211693333333335, 7.76096, 7.975853333333334, 9.97911, 9.537003333333333, 8.559453333333332, 5.408316666666667, 3.8795566666666663, 2.9722000000000004, 2.4605466666666667, 2.4419633333333337, 1.2613400000000001, 1.02766, 0.8748033333333333, 0.7239766666666667, 0.75103, 0.5729666666666666, 0.5783699999999999, 0.4996333333333333, 0.4121433333333334, 0.41593333333333327, 0.3618699999999999, 0.32612, 0.29651333333333335, 0.27734666666666663, 0.31604, 0.28435, 0.29977, 0.2692133333333333, 0.27951333333333334, 0.24937, 0.27319, 0.2807266666666666, 0.2621166666666667, 0.25379999999999997, 0.26622999999999997, 0.2660833333333333, 0.24320999999999998, 0.25295666666666666, 0.24500666666666668, 0.2738833333333333, 0.24653666666666668, 0.29497, 0.26577666666666666, 0.26008, 0.2574566666666667, 0.28202999999999995, 0.3074833333333333, 0.2904166666666666, 0.3129633333333333, 0.31808999999999993]}