{"test_accuracy": [0.4706666666666666, 0.72575, 0.8538333333333333, 0.9051666666666666, 0.9181666666666667, 0.9264166666666666, 0.9373333333333332, 0.9417500000000002, 0.9403333333333332, 0.9384433333333334, 0.9438099999999998, 0.9417533333333332, 0.9488433333333337, 0.9528366666666668, 0.9572033333333333, 0.9605166666666667, 0.9629300000000001, 0.9643799999999999, 0.9651966666666668, 0.9700399999999999, 0.97101, 0.9718300000000001, 0.9695766666666665, 0.9736633333333333, 0.9738666666666667, 0.9736700000000001, 0.9738533333333333, 0.9753766666666668, 0.9768133333333334, 0.9787733333333332, 0.97895, 0.9803066666666668, 0.9772966666666666, 0.9809933333333333, 0.9820400000000001, 0.9834, 0.9814399999999999, 0.9835766666666668, 0.9850700000000001, 0.9857899999999999, 0.9844700000000001, 0.9855333333333333, 0.9863633333333333, 0.9861633333333334, 0.9878300000000002, 0.9872766666666666, 0.9869466666666665, 0.9879966666666664, 0.9889933333333332, 0.9871266666666666, 0.98893, 0.9882233333333332, 0.9897766666666665, 0.9900366666666667, 0.9899899999999999, 0.9892366666666665, 0.9887299999999999, 0.9883566666666667, 0.9878466666666665, 0.9876266666666667], "test_loss": [8.631056666666666, 6.852686666666668, 4.075623333333334, 2.548486666666667, 2.0075966666666667, 1.5231233333333334, 1.1256, 0.9815266666666668, 0.9274233333333333, 0.8168966666666667, 0.7665233333333332, 0.7052533333333334, 0.7011633333333334, 0.58399, 0.5574166666666667, 0.48910333333333333, 0.4776300000000001, 0.4535866666666667, 0.42375666666666667, 0.39168333333333333, 0.39927333333333337, 0.35897, 0.37134333333333325, 0.35939333333333334, 0.3327, 0.3202300000000001, 0.3131866666666667, 0.30817666666666665, 0.2997066666666667, 0.34069000000000005, 0.30929666666666666, 0.27818333333333334, 0.32506666666666656, 0.29776, 0.27582, 0.2613033333333334, 0.28452333333333335, 0.25361666666666666, 0.21116333333333334, 0.22445333333333334, 0.23333333333333334, 0.21159000000000003, 0.2081666666666667, 0.21464999999999998, 0.1904733333333333, 0.19522333333333333, 0.21019333333333334, 0.20610666666666663, 0.16334666666666667, 0.23028000000000004, 0.23068000000000002, 0.22355, 0.20883999999999997, 0.16777666666666666, 0.19483000000000003, 0.17698666666666665, 0.19313666666666668, 0.25206, 0.20363666666666666, 0.20239333333333331]}