{"test_accuracy": [0.3499099999999999, 0.43561666666666665, 0.47724, 0.5241133333333334, 0.5596366666666667, 0.5882066666666667, 0.6074633333333332, 0.6420266666666667, 0.6463466666666666, 0.6687366666666669, 0.66767, 0.6762733333333332, 0.6911233333333332, 0.6930733333333333, 0.70086, 0.7101266666666668, 0.7197066666666668, 0.7142866666666666, 0.7337399999999997, 0.7294933333333333, 0.7328566666666667, 0.7410899999999999, 0.7350200000000001, 0.7421533333333333, 0.7409733333333333, 0.7441233333333334, 0.7486066666666666, 0.7488266666666668, 0.7572566666666665, 0.7563433333333334, 0.7610266666666666, 0.7538366666666666, 0.7747400000000001, 0.7619900000000001, 0.7662166666666667, 0.7752233333333333, 0.76275, 0.7688399999999999, 0.7754866666666668, 0.7744266666666666, 0.7684166666666666, 0.7715966666666666, 0.77579, 0.7820100000000001, 0.7734166666666668, 0.7821733333333333, 0.7877366666666668, 0.7830566666666667, 0.7793899999999999, 0.7815433333333334, 0.7855033333333331, 0.7877566666666667, 0.7865066666666667, 0.7940166666666666, 0.7858233333333333, 0.7878566666666664, 0.7795266666666666, 0.7921966666666665, 0.7877733333333334, 0.7902866666666668], "test_loss": [6.941720000000002, 5.733456666666667, 5.345536666666666, 4.912216666666667, 4.588426666666666, 4.275023333333334, 4.055486666666667, 3.848213333333333, 3.7245399999999997, 3.588513333333333, 3.45406, 3.368106666666667, 3.2309966666666665, 3.2401366666666664, 3.1493066666666665, 3.11695, 3.069496666666667, 3.06309, 2.9171233333333335, 2.917263333333333, 2.8899966666666668, 2.822603333333334, 2.8439500000000004, 2.709523333333333, 2.72658, 2.7951400000000004, 2.6917199999999997, 2.7220766666666663, 2.6587733333333334, 2.5954833333333336, 2.637573333333333, 2.61361, 2.5202600000000004, 2.61434, 2.5641166666666666, 2.5894066666666666, 2.6578433333333327, 2.5842899999999998, 2.5149199999999996, 2.4749166666666667, 2.5798733333333335, 2.47657, 2.4947633333333337, 2.5204200000000005, 2.516696666666667, 2.509300000000001, 2.449466666666667, 2.4828266666666665, 2.464386666666667, 2.463736666666667, 2.4359933333333332, 2.5650433333333336, 2.489393333333333, 2.4549, 2.4620366666666667, 2.459626666666667, 2.564556666666667, 2.5059766666666667, 2.5284133333333334, 2.47898]}