{"test_accuracy": [1.0, 1.0, 1.0, 1.0, 1.0, 1.0, 1.0, 0.3, 0.2, 1.0, 1.0, 0.1, 1.0, 1.0, 1.0, 1.0, 1.0, 1.0, 1.0, 0.49205, 0.48841999999999997, 0.4915933333333334, 0.48969999999999997, 0.4890366666666666, 0.4921133333333333, 0.49198666666666674, 0.4848066666666666, 0.4856433333333333, 0.26786666666666664, 0.48880333333333337, 0.48966, 0.4891266666666666, 0.49061, 0.48733, 0.4945333333333333, 0.4917333333333333, 0.48488333333333333, 0.4848633333333333, 0.4901733333333332, 0.20973333333333335, 0.21027666666666664, 0.2053633333333334, 0.20833000000000002, 0.20859666666666674, 0.2091633333333333, 0.2152333333333333, 0.20622, 0.2103233333333333, 0.21377666666666664, 0.21298, 0.2047833333333333, 0.21213, 0.2089933333333333, 0.2071933333333333, 0.21032, 0.21004666666666663, 0.20800000000000005, 0.21417000000000003, 0.20808, 0.12862666666666664], "test_loss": [9.139193333333335, 7.962956666666665, 8.047576666666666, 8.105536666666666, 8.122456666666666, 8.126193333333333, 8.125506666666665, 8.758700000000001, 8.812646666666666, 9.043636666666666, 8.265019999999998, 9.212083333333332, 9.138093333333332, 8.312946666666667, 8.126503333333332, 8.120923333333332, 8.130166666666664, 8.133366666666667, 8.134013333333334, 8.751163333333333, 8.75663, 8.749553333333333, 8.753413333333333, 8.75526, 8.751063333333333, 8.749006666666666, 8.762419999999999, 8.75799, 8.913956666666667, 9.014486666666667, 8.796443333333333, 8.74982, 8.75002, 8.758516666666667, 8.748263333333332, 8.75401, 8.761263333333334, 8.760823333333333, 8.755296666666665, 9.095846666666667, 9.095106666666668, 9.100863333333335, 9.096456666666665, 9.095859999999998, 9.096060000000001, 9.088356666666668, 9.09947, 9.09443, 9.090160000000001, 9.090756666666667, 9.100576666666665, 9.092013333333332, 9.095543333333334, 9.098316666666667, 9.09437, 9.094463333333334, 9.097663333333333, 9.08989, 9.096770000000001, 11.484796666666666]}