{"test_accuracy": [0.2644166666666667, 0.1, 0.11033333333333332, 0.1155, 0.098, 0.10175, 0.1, 0.10625, 0.1375833333333333, 0.1, 0.10991666666666668, 0.1, 0.10691666666666669, 0.1, 0.10583333333333332, 0.1, 0.10583333333333332, 0.1, 0.1, 0.10084333333333334, 0.09630999999999999, 0.11291, 0.11426333333333334, 0.11451666666666668, 0.08145999999999999, 0.10693333333333334, 0.13404333333333332, 0.13041, 0.08393666666666669, 0.13949999999999999, 0.10901666666666668, 0.11715333333333335, 0.09466, 0.10627666666666667, 0.08641666666666666, 0.14830000000000002, 0.08499333333333334, 0.12352666666666669, 0.11652333333333335, 0.09069333333333335, 0.08936666666666665, 0.10979333333333333, 0.09366666666666665, 0.08065333333333334, 0.13135333333333335, 0.10018666666666665, 0.1289666666666667, 0.10201, 0.10788333333333333, 0.11468333333333333, 0.11012999999999999, 0.07942000000000003, 0.11447666666666668, 0.08988, 0.11542333333333335, 0.07388, 0.13735, 0.1047, 0.13102, 0.16668333333333335], "test_loss": [9.121723333333332, 9.294923333333335, 9.28521, 9.21178, 9.293000000000001, 9.405376666666667, 9.786959999999999, 10.442696666666667, 11.018206666666664, 9.944496666666668, 9.576619999999998, 9.915576666666668, 10.15061, 10.42296, 9.925213333333334, 9.948723333333334, 9.631110000000001, 9.870866666666668, 10.162723333333332, 9.971296666666667, 10.19737, 9.411280000000001, 9.92935, 9.666883333333335, 10.282860000000001, 9.928959999999998, 9.99562, 9.820783333333335, 10.163576666666668, 9.919816666666666, 10.402603333333332, 9.875630000000001, 10.375093333333332, 9.557096666666668, 9.976889999999997, 9.443516666666666, 9.761643333333332, 9.774903333333334, 10.071306666666667, 10.143226666666667, 9.761560000000001, 9.95264333333333, 9.597613333333332, 9.980023333333333, 9.605426666666665, 9.864806666666668, 9.55025, 10.174100000000003, 9.615056666666668, 9.969446666666666, 9.680253333333331, 9.75921, 9.458639999999999, 9.996926666666665, 9.419139999999999, 9.832210000000002, 9.402853333333333, 9.83106, 9.518326666666665, 11.492070000000002]}