{"test_accuracy": [0.1, 0.12858333333333333, 0.10416666666666667, 0.11175, 0.12083333333333333, 0.09383333333333331, 0.13816666666666666, 0.14625000000000002, 0.14875000000000002, 0.08758333333333333, 0.15400000000000003, 0.11366666666666667, 0.129, 0.09591666666666665, 0.23558333333333337, 0.2843333333333334, 0.2924166666666667, 0.3202499999999999, 0.3499166666666666, 0.3835833333333333, 0.43224999999999997, 0.45824999999999994, 0.4684999999999999, 0.49024999999999996, 0.5096666666666667, 0.5248333333333333, 0.5484166666666666, 0.5599166666666666, 0.5733333333333334, 0.58325, 0.598, 0.6181666666666666, 0.6265833333333334, 0.6431666666666668, 0.6434166666666667, 0.6526666666666667, 0.6612500000000001, 0.6728333333333334, 0.6761666666666667, 0.68675, 0.69225, 0.6891666666666667, 0.6956666666666667, 0.7019166666666666, 0.7131666666666666, 0.7163333333333333, 0.7185833333333335, 0.7175, 0.7266666666666667, 0.7217499999999999, 0.727, 0.7347500000000001, 0.7363333333333333, 0.7346666666666667, 0.7345833333333334, 0.7354166666666668, 0.7378333333333333, 0.7440000000000001, 0.7377499999999999, 0.7436666666666667], "test_loss": [9.93986, 9.24742, 9.309500000000002, 9.555400000000002, 10.094256666666666, 10.193216666666665, 10.483113333333332, 10.852973333333333, 10.124959999999998, 10.239523333333333, 10.555370000000002, 10.099573333333332, 9.393056666666666, 10.031793333333333, 8.734296666666667, 8.37511, 8.006803333333334, 7.739086666666666, 7.502333333333334, 7.178009999999999, 6.7270933333333325, 6.4784299999999995, 6.258039999999999, 6.006393333333333, 5.76287, 5.482436666666667, 5.252480000000001, 5.104106666666667, 4.93187, 4.877173333333333, 4.615093333333333, 4.403063333333334, 4.28734, 4.111906666666667, 4.01069, 3.9972633333333336, 3.9921899999999995, 3.76765, 3.716776666666666, 3.6565900000000005, 3.5716099999999997, 3.564356666666667, 3.5180066666666665, 3.3691999999999998, 3.376093333333334, 3.3459100000000004, 3.3161199999999997, 3.2293133333333333, 3.235526666666666, 3.2193866666666664, 3.1680066666666664, 3.113736666666667, 3.169843333333333, 3.126806666666667, 3.1564900000000002, 3.184233333333333, 3.114833333333334, 3.1367999999999996, 3.22571, 3.0376900000000004]}