{"test_accuracy": [0.36474999999999996, 0.43533333333333324, 0.48375, 0.5098333333333334, 0.5424166666666667, 0.56775, 0.5849166666666666, 0.6160833333333333, 0.6275000000000001, 0.6371666666666668, 0.6539166666666667, 0.6626666666666666, 0.6769999999999999, 0.6875, 0.6944166666666668, 0.6963333333333334, 0.7099166666666668, 0.7083333333333334, 0.7080833333333334, 0.7244166666666666, 0.7222500000000001, 0.7214166666666667, 0.7369166666666668, 0.7319999999999999, 0.7334999999999999, 0.7373333333333333, 0.7455833333333334, 0.7490000000000001, 0.7412500000000001, 0.7439166666666667, 0.7525833333333333, 0.74925, 0.7588333333333335, 0.7640833333333334, 0.7577500000000001, 0.7588333333333334, 0.75825, 0.7690000000000001, 0.7609166666666666, 0.7685833333333333, 0.7627500000000002, 0.7735, 0.7668333333333334, 0.7683333333333332, 0.7734166666666666, 0.7710833333333332, 0.7712499999999999, 0.7736666666666667, 0.7767499999999999, 0.7721666666666666, 0.7741666666666666, 0.7792499999999998, 0.776, 0.7855000000000001, 0.7799999999999999, 0.7849999999999999, 0.7790833333333331, 0.77025, 0.7806666666666666, 0.7881666666666668], "test_loss": [7.158026666666667, 6.336860000000001, 5.865566666666666, 5.56968, 5.202983333333334, 4.916033333333334, 4.655036666666666, 4.519023333333334, 4.384243333333333, 4.15714, 3.9658, 3.9775366666666665, 3.747413333333333, 3.6548800000000004, 3.647836666666666, 3.580766666666667, 3.49298, 3.36766, 3.3064933333333335, 3.155573333333334, 3.23406, 3.213496666666667, 3.17542, 3.20344, 3.0489933333333332, 3.125186666666666, 2.9872533333333338, 2.9804866666666663, 2.94513, 2.9042766666666666, 2.9145833333333333, 3.0089566666666667, 2.891953333333333, 2.7619766666666665, 2.8626066666666663, 2.820203333333333, 2.81052, 2.8418566666666667, 2.8783299999999996, 2.692583333333333, 2.7810766666666678, 2.7517300000000007, 2.7310399999999997, 2.7975899999999996, 2.8021133333333332, 2.6981466666666662, 2.7170199999999998, 2.766503333333333, 2.8025466666666667, 2.7756166666666666, 2.6461266666666665, 2.7350433333333326, 2.66202, 2.6502, 2.657436666666667, 2.61034, 2.75138, 2.732376666666667, 2.76477, 2.7597099999999997]}