{"test_accuracy": [0.9510833333333333, 0.9785833333333334, 0.9829166666666667, 0.9845, 0.9853333333333333, 0.9862500000000001, 0.9891666666666665, 0.99, 0.9921666666666666, 0.9902499999999999, 0.9896666666666667, 0.9908333333333331, 0.99175, 0.9918333333333332, 0.9899166666666667, 0.9911666666666668, 0.9945833333333332, 0.9922499999999997, 0.9925, 0.9922500000000001, 0.9928333333333333, 0.9935000000000002, 0.9940833333333331, 0.9926666666666667, 0.993, 0.9924166666666667, 0.9929166666666666, 0.9939166666666667, 0.9944166666666667, 0.9934166666666667, 0.9937500000000001, 0.9935000000000002, 0.994, 0.9937499999999998, 0.9940833333333333, 0.9939166666666667, 0.9939999999999999, 0.9945833333333334, 0.9940000000000001, 0.9939166666666667, 0.9943333333333334, 0.9929999999999999, 0.99425, 0.9940833333333334, 0.9944999999999999, 0.9940833333333333, 0.9930833333333333, 0.9945000000000002, 0.9935833333333332, 0.993, 0.9938333333333333, 0.9941666666666665, 0.9936666666666667, 0.9944999999999999, 0.9938333333333332, 0.9923333333333332, 0.9937499999999999, 0.9939166666666668, 0.9940833333333334, 0.9935833333333334], "test_loss": [2.0008, 0.24847999999999998, 0.21000999999999997, 0.18627000000000002, 0.16533999999999996, 0.17055333333333333, 0.14201666666666665, 0.11556666666666668, 0.09044333333333329, 0.11580333333333331, 0.11603999999999998, 0.12038333333333331, 0.07740999999999999, 0.1209, 0.12635666666666667, 0.09129333333333335, 0.05911333333333333, 0.10512333333333333, 0.09849, 0.08599666666666668, 0.09010000000000003, 0.10408666666666666, 0.07643333333333334, 0.06820999999999998, 0.08027, 0.08224333333333335, 0.10144666666666667, 0.07059666666666668, 0.07856, 0.07234333333333333, 0.07678666666666666, 0.07807000000000003, 0.07658333333333332, 0.09254666666666668, 0.08419666666666667, 0.07085333333333334, 0.07794666666666666, 0.07101333333333334, 0.0905, 0.06618, 0.09661333333333331, 0.07261000000000001, 0.08735666666666668, 0.08554666666666665, 0.06669, 0.08529666666666666, 0.11783333333333333, 0.06761, 0.09443333333333336, 0.12043666666666666, 0.08734666666666666, 0.09000333333333334, 0.06322333333333334, 0.09089333333333333, 0.07386666666666669, 0.11960333333333335, 0.09063333333333334, 0.10487666666666666, 0.0709333333333333, 0.07123000000000003]}