{"test_accuracy": [0.94975, 0.9761666666666666, 0.9827500000000001, 0.9853333333333333, 0.9871666666666666, 0.9878233333333335, 0.9908600000000002, 0.9892866666666668, 0.9912366666666667, 0.9908366666666667, 0.99077, 0.9899533333333336, 0.9920033333333332, 0.9913933333333333, 0.9930766666666667, 0.9917666666666668, 0.9907766666666666, 0.9909133333333333, 0.9917633333333334, 0.9920633333333335, 0.99134, 0.9921566666666667, 0.9909466666666666, 0.9926266666666667, 0.9917033333333333, 0.9933233333333332, 0.9934266666666666, 0.9921333333333332, 0.9940099999999998, 0.9929499999999999, 0.9927033333333332, 0.9933066666666666, 0.9934033333333332, 0.9935466666666666, 0.9920733333333333, 0.9918033333333335, 0.9932333333333333, 0.9936900000000001, 0.9932266666666667, 0.99339, 0.9926066666666666, 0.99377, 0.9942099999999999, 0.9942400000000001, 0.9927599999999999, 0.9927066666666666, 0.9927066666666665, 0.9929900000000002, 0.9937866666666665, 0.9934699999999999, 0.9941866666666667, 0.9940333333333332, 0.9932933333333333, 0.9936466666666667, 0.9933666666666666, 0.9939966666666666, 0.9944299999999999, 0.9946266666666667, 0.9937466666666666, 0.9942200000000002], "test_loss": [1.5517133333333333, 0.26660333333333336, 0.21464999999999998, 0.21917333333333328, 0.14897, 0.14459666666666665, 0.11128666666666667, 0.13061999999999999, 0.11618666666666667, 0.11356666666666666, 0.10967666666666666, 0.13488, 0.09986666666666669, 0.10390000000000002, 0.10202333333333333, 0.11021, 0.14541, 0.14921333333333334, 0.13120666666666667, 0.12649333333333332, 0.12868333333333332, 0.10914666666666668, 0.12808333333333333, 0.12135333333333335, 0.15967666666666674, 0.11189000000000002, 0.15243666666666666, 0.14783, 0.12421666666666667, 0.14990666666666666, 0.14670333333333335, 0.12465666666666664, 0.12728, 0.11943, 0.1836733333333333, 0.19905333333333328, 0.16807333333333338, 0.15180333333333335, 0.15479000000000004, 0.1792966666666667, 0.1819533333333333, 0.16826666666666665, 0.14240666666666668, 0.14762, 0.18514666666666668, 0.17775333333333335, 0.17748333333333335, 0.19637333333333334, 0.16524666666666668, 0.21228666666666668, 0.19125666666666669, 0.20489666666666664, 0.22671, 0.21133333333333332, 0.25610999999999995, 0.22526333333333334, 0.20746, 0.2310066666666667, 0.25975333333333334, 0.26311666666666667]}