{"test_accuracy": [0.9555000000000001, 0.9772500000000001, 0.9816666666666668, 0.9831666666666669, 0.9869166666666666, 0.9881666666666667, 0.9875833333333334, 0.9885833333333331, 0.9899166666666666, 0.9914166666666666, 0.9898333333333333, 0.9926666666666666, 0.9896666666666666, 0.9916666666666666, 0.9900833333333333, 0.9934166666666666, 0.9914166666666666, 0.9918333333333333, 0.9921666666666668, 0.9924999999999998, 0.9926666666666665, 0.9931666666666668, 0.9936666666666666, 0.9927499999999999, 0.9928333333333335, 0.9924166666666666, 0.9934999999999999, 0.9924166666666666, 0.9949166666666664, 0.9930833333333333, 0.9936666666666666, 0.9934166666666668, 0.9929166666666667, 0.9936666666666667, 0.9941666666666669, 0.9932499999999999, 0.99325, 0.9928333333333333, 0.9935000000000002, 0.9928333333333333, 0.9941666666666666, 0.9933333333333333, 0.994, 0.9932500000000002, 0.9931666666666668, 0.9934166666666664, 0.9911666666666665, 0.9936666666666666, 0.9948333333333333, 0.9944166666666666, 0.9925833333333333, 0.9934999999999998, 0.9953333333333332, 0.9952500000000001, 0.9939999999999999, 0.994, 0.9936666666666666, 0.9939999999999999, 0.9931666666666666, 0.9935833333333333, 0.9952500000000001, 0.9945833333333334, 0.9928333333333331, 0.9924999999999998, 0.9938333333333332, 0.9932500000000001, 0.9934999999999997, 0.9931666666666668, 0.9946666666666666, 0.9932499999999999, 0.994, 0.9930000000000001, 0.99325, 0.9933333333333334, 0.9945833333333334, 0.9940833333333334, 0.9938333333333333, 0.9935833333333333, 0.9944999999999999, 0.9938333333333332, 0.9934999999999999, 0.9934166666666666, 0.9942500000000002, 0.9924999999999998, 0.993, 0.9926666666666666, 0.99325, 0.9934166666666666, 0.9933333333333334, 0.9943333333333332, 0.9921666666666668, 0.9939166666666667, 0.99375, 0.9944166666666664, 0.9935833333333334, 0.9936666666666668, 0.9934999999999998, 0.9931666666666666, 0.9931666666666668, 0.9945833333333333], "test_loss": [1.8852366666666667, 0.2450833333333333, 0.23229333333333332, 0.21916, 0.19187999999999997, 0.12564999999999996, 0.14509999999999998, 0.11798000000000002, 0.11472666666666666, 0.10248666666666666, 0.13086333333333333, 0.08169666666666668, 0.11169333333333334, 0.11319333333333333, 0.11836, 0.08533666666666667, 0.10558333333333332, 0.08124666666666668, 0.08983, 0.09409000000000001, 0.08540333333333334, 0.07459, 0.07881666666666667, 0.06482333333333333, 0.07748, 0.10384666666666666, 0.08234333333333334, 0.08652, 0.08143666666666666, 0.08963000000000002, 0.06694333333333334, 0.07537999999999999, 0.07320999999999998, 0.09321666666666668, 0.09848666666666667, 0.08608333333333335, 0.1221, 0.08898666666666669, 0.08722, 0.11744666666666667, 0.07770000000000002, 0.08467000000000001, 0.08344666666666667, 0.07502666666666666, 0.11022333333333333, 0.07556333333333333, 0.10804000000000001, 0.07786999999999998, 0.06798333333333333, 0.07186333333333332, 0.11868999999999998, 0.07664666666666668, 0.07001333333333334, 0.08190999999999998, 0.07819666666666668, 0.06699000000000001, 0.09347666666666664, 0.08857666666666668, 0.07486, 0.07682666666666667, 0.06203333333333332, 0.06385333333333335, 0.09408000000000001, 0.07935000000000002, 0.08756666666666664, 0.08942000000000003, 0.07951000000000001, 0.09052, 0.06775, 0.08437666666666667, 0.08459666666666667, 0.09238999999999999, 0.09534666666666665, 0.10941000000000001, 0.0797966666666667, 0.08921333333333334, 0.09750666666666666, 0.08962000000000002, 0.11104333333333334, 0.08527333333333334, 0.08243666666666667, 0.09814000000000002, 0.12671333333333332, 0.11743666666666666, 0.09770666666666665, 0.1063, 0.09857, 0.11516666666666665, 0.11173666666666668, 0.10078333333333335, 0.12630666666666668, 0.10190666666666665, 0.08122, 0.09515666666666668, 0.08759, 0.11475666666666669, 0.13097666666666669, 0.08605, 0.12655333333333332, 0.09417666666666666]}