{"test_accuracy": [0.9538566666666668, 0.9779133333333334, 0.9765833333333334, 0.9861833333333332, 0.9865800000000001, 0.9871466666666666, 0.9891466666666667, 0.9883833333333334, 0.9884566666666668, 0.9856500000000001, 0.9900133333333333, 0.98938, 0.98924, 0.9879266666666668, 0.9891099999999999, 0.9896700000000003, 0.9907666666666667, 0.9933099999999999, 0.9930266666666668, 0.9910800000000002, 0.9917100000000002, 0.9919399999999999, 0.9922833333333334, 0.9927633333333336, 0.9909733333333334, 0.9893966666666667, 0.9939700000000002, 0.9939566666666667, 0.9913, 0.9931133333333335, 0.9935033333333332, 0.99216, 0.9939166666666668, 0.99408, 0.9912433333333334, 0.9918333333333335, 0.9929833333333333, 0.9950566666666666, 0.9930733333333334, 0.9926733333333334, 0.9934333333333334, 0.9925533333333334, 0.9939900000000002, 0.99334, 0.9937033333333333, 0.9940200000000001, 0.99365, 0.9906766666666668, 0.9917200000000002, 0.9927266666666668, 0.9928666666666668, 0.9923966666666667, 0.9924466666666666, 0.9911866666666668, 0.9908933333333334, 0.9937666666666666, 0.989826666666667, 0.9933066666666668, 0.9954066666666669, 0.9950133333333333, 0.9939466666666666, 0.9953566666666667, 0.9912466666666666, 0.9945266666666667, 0.9944933333333333, 0.9943433333333334, 0.9945666666666667, 0.9937400000000001, 0.9929900000000002, 0.9942133333333333, 0.9942966666666667, 0.99473, 0.9928533333333335, 0.9934733333333334, 0.9922866666666668, 0.9924166666666668, 0.99178, 0.9938900000000002, 0.9945366666666667, 0.99324, 0.9950100000000001, 0.9946533333333335, 0.9938633333333334, 0.9935533333333333, 0.9931533333333333, 0.9943033333333334, 0.9946466666666667, 0.9920166666666667, 0.9952600000000001, 0.9933700000000001, 0.99084, 0.9939800000000001, 0.99305, 0.9918133333333333, 0.9930033333333336, 0.9928733333333334, 0.99372, 0.9929533333333335, 0.99378, 0.9942733333333335], "test_loss": [0.5247366666666667, 0.23525000000000004, 0.22023333333333334, 0.1576766666666667, 0.1408333333333333, 0.13810000000000003, 0.1256066666666667, 0.12698333333333334, 0.11718666666666669, 0.12302, 0.09438333333333332, 0.10678333333333333, 0.09990000000000002, 0.10632333333333334, 0.11108, 0.11006666666666666, 0.09767999999999998, 0.09256666666666667, 0.07803999999999998, 0.08835666666666667, 0.08486666666666669, 0.07873333333333334, 0.09556666666666666, 0.10612, 0.10844000000000001, 0.10985333333333336, 0.08139333333333335, 0.07599666666666667, 0.11126, 0.09192333333333333, 0.09678333333333335, 0.09208999999999999, 0.07967666666666665, 0.07767666666666667, 0.09815333333333334, 0.10070000000000003, 0.08100333333333333, 0.08434000000000001, 0.08553333333333334, 0.08319, 0.1048833333333333, 0.10013666666666667, 0.07551333333333334, 0.08132999999999999, 0.08340666666666667, 0.10941333333333333, 0.07211333333333333, 0.12633666666666668, 0.10258000000000002, 0.08859666666666666, 0.09013999999999998, 0.11245333333333334, 0.09715666666666664, 0.11901333333333336, 0.08545333333333334, 0.06773333333333334, 0.11257999999999999, 0.09063333333333332, 0.08176666666666668, 0.08450666666666667, 0.09673666666666667, 0.08544, 0.10290333333333333, 0.08596333333333334, 0.08799, 0.09101666666666668, 0.06313666666666666, 0.09488333333333335, 0.11065666666666667, 0.09337333333333334, 0.07620666666666666, 0.08039333333333333, 0.11308666666666665, 0.10563333333333332, 0.10873333333333332, 0.08554333333333333, 0.11071999999999999, 0.07917666666666667, 0.0894, 0.10606999999999997, 0.09317333333333334, 0.08757666666666666, 0.10336000000000002, 0.09125333333333335, 0.11610333333333332, 0.09633666666666668, 0.09527333333333335, 0.11308, 0.08237333333333335, 0.09589000000000002, 0.11707666666666669, 0.10399666666666667, 0.08933, 0.12480666666666668, 0.13035666666666668, 0.09960333333333334, 0.09098999999999999, 0.10846, 0.09987666666666667, 0.09800666666666667]}