{"test_accuracy": [1.0, 1.0, 1.0, 1.0, 1.0, 1.0, 1.0, 1.0, 1.0, 0.50508, 0.5023666666666666, 0.5082099999999999, 0.5039466666666667, 0.5064366666666668, 0.5032733333333332, 0.5090966666666666, 0.5043366666666667, 0.5026033333333334, 0.5056733333333333, 0.26622333333333337, 0.2672566666666667, 0.26218, 0.26877333333333336, 0.27048333333333324, 0.2693999999999999, 0.26572, 0.26495, 0.2634066666666667, 0.2691733333333333, 0.07860333333333334, 0.18886333333333333, 0.40159000000000017, 0.49859333333333333, 0.5233866666666667, 0.5728899999999999, 0.5886433333333334, 0.6785033333333333, 0.7780566666666667, 0.7999799999999999, 0.8301766666666666, 0.8663466666666666, 0.8963666666666665, 0.9124133333333334, 0.9188366666666667, 0.93052, 0.9320599999999999, 0.94321, 0.94722, 0.9532433333333332, 0.9531066666666668, 0.9557799999999997, 0.9626666666666666, 0.96761, 0.9669133333333334, 0.9655566666666665, 0.9707066666666665, 0.9732466666666665, 0.9694866666666666, 0.9746600000000001, 0.9756733333333333], "test_loss": [9.139053333333333, 8.709106666666665, 8.640426666666665, 8.631689999999999, 8.626496666666666, 8.624586666666668, 8.623326666666667, 8.6226, 8.621956666666668, 8.945490000000001, 8.946943333333333, 8.942513333333332, 8.946773333333335, 8.946256666666669, 8.945783333333335, 8.942513333333332, 8.947186666666665, 8.946623333333333, 8.945143333333334, 9.104473333333337, 9.103280000000002, 9.106720000000001, 9.102496666666667, 9.10167, 9.102446666666667, 9.104763333333333, 9.104996666666667, 9.106393333333335, 9.102763333333336, 11.501630000000002, 11.189446666666667, 10.527136666666667, 9.739740000000001, 8.932806666666666, 8.180190000000001, 7.73016, 6.610589999999999, 5.013643333333333, 4.16738, 3.2599700000000005, 2.464776666666667, 1.9224499999999993, 1.5445566666666666, 1.3393699999999995, 1.1590033333333334, 1.0698400000000001, 0.9508233333333336, 0.8439433333333333, 0.7502533333333332, 0.8926000000000001, 0.8904366666666665, 0.6880099999999999, 0.6218766666666667, 0.61061, 0.6903666666666667, 0.5290366666666667, 0.5585733333333334, 0.5522266666666666, 0.47288666666666657, 0.46007999999999993]}