{"test_accuracy": [0.12724999999999997, 0.17908333333333332, 0.1, 0.36308333333333326, 0.32550000000000007, 0.18391666666666667, 0.30800000000000005, 0.343, 0.5390833333333334, 0.5852866666666666, 0.36920333333333333, 0.37935333333333326, 0.4270466666666667, 0.6214566666666667, 0.7169433333333334, 0.7227166666666667, 0.48616333333333334, 0.5960033333333333, 0.5880133333333333, 0.76481, 0.7929499999999999, 0.7865, 0.6654333333333334, 0.6501466666666667, 0.7174933333333333, 0.8080733333333332, 0.8603633333333334, 0.8100333333333333, 0.7215766666666666, 0.7365233333333332, 0.8642533333333334, 0.9179333333333334, 0.9312999999999999, 0.9340466666666668, 0.9378399999999999, 0.9436133333333334, 0.9481466666666668, 0.9515700000000001, 0.9501766666666666, 0.9513866666666666, 0.9614900000000001, 0.9661833333333334, 0.9662666666666665, 0.9700133333333334, 0.9715699999999998, 0.9714233333333333, 0.96856, 0.9755133333333333, 0.9758600000000001, 0.9782966666666666, 0.9818433333333333, 0.9827033333333332, 0.9820533333333332, 0.9827799999999999, 0.9826533333333332, 0.9827633333333332, 0.9816433333333331, 0.9843799999999998, 0.9843966666666666, 0.9867799999999999], "test_loss": [8.845973333333337, 10.542073333333333, 14.216663333333335, 9.222033333333334, 9.2594, 9.561236666666668, 9.201126666666669, 7.98918, 7.048836666666667, 6.224556666666667, 6.676929999999999, 8.813066666666664, 7.324349999999999, 5.969773333333334, 4.563159999999999, 3.87072, 6.009656666666667, 8.165226666666667, 5.101393333333333, 3.5711233333333334, 2.9393666666666665, 2.9145600000000003, 4.13737, 5.36359, 3.7930100000000007, 2.725036666666667, 2.1344233333333333, 2.4852733333333332, 3.5987633333333338, 4.518726666666667, 2.3692, 1.5415999999999999, 1.2709300000000003, 1.1415433333333334, 1.0631433333333333, 0.9795833333333334, 0.8696800000000001, 0.8236399999999999, 0.8178833333333333, 0.72519, 0.60292, 0.5350066666666666, 0.49338666666666664, 0.4521699999999999, 0.42494666666666664, 0.4254066666666667, 0.5070966666666668, 0.36396666666666666, 0.36110666666666663, 0.38165333333333334, 0.34674333333333335, 0.33205333333333337, 0.3424233333333333, 0.28966, 0.32738333333333336, 0.3113466666666667, 0.3315933333333333, 0.2796533333333333, 0.28297333333333335, 0.23945666666666668]}