{"test_accuracy": [0.9539466666666667, 0.9716933333333333, 0.9716799999999999, 0.9779433333333334, 0.9811866666666668, 0.9839899999999999, 0.9859566666666666, 0.9868566666666666, 0.9821699999999999, 0.9842366666666666, 0.9876099999999999, 0.9865533333333333, 0.9872933333333334, 0.9873533333333334, 0.9905733333333334, 0.9910866666666667, 0.9881033333333333, 0.9883066666666667, 0.98548, 0.9875566666666667, 0.9901566666666668, 0.9884066666666667, 0.98898, 0.9907966666666668, 0.9919266666666666, 0.9913266666666665, 0.9899933333333334, 0.9912833333333333, 0.9853733333333333, 0.9882966666666665, 0.9884466666666666, 0.98754, 0.9867199999999999, 0.9900533333333333, 0.9883766666666668, 0.99016, 0.9910566666666667, 0.9895733333333333, 0.9905766666666668, 0.9915433333333333, 0.9903500000000001, 0.9862166666666666, 0.9865033333333333, 0.98977, 0.9911433333333333, 0.9917966666666665, 0.9908499999999999, 0.9927833333333334, 0.9927, 0.99189, 0.9939899999999999, 0.9922766666666668, 0.9877933333333334, 0.98771, 0.9887233333333334, 0.9899166666666666, 0.9907733333333333, 0.9895200000000001, 0.9896900000000001, 0.9913166666666667, 0.9899766666666668, 0.9920733333333334, 0.9887999999999999, 0.9884066666666667, 0.9909933333333333, 0.9908833333333332, 0.99023, 0.9916266666666668, 0.9895066666666666, 0.99236, 0.9869166666666669, 0.98668, 0.9903866666666666, 0.9926899999999999, 0.9900800000000001, 0.99217, 0.9895100000000002, 0.9908633333333333, 0.9898233333333334, 0.9864933333333334, 0.98847, 0.9890500000000002, 0.9893733333333332, 0.9909266666666667, 0.9904, 0.9913199999999999, 0.9865866666666668, 0.9869000000000002, 0.9889266666666667, 0.9903433333333332, 0.9906366666666667, 0.98807, 0.9887900000000001, 0.9921466666666666, 0.9911899999999999, 0.9925033333333333, 0.9867399999999998, 0.9883033333333333, 0.9878700000000001, 0.9894166666666668], "test_loss": [0.5820566666666667, 5.33102, 0.28302, 0.2442133333333333, 0.16722666666666666, 0.15047999999999997, 0.13805333333333333, 4.50622, 0.19973000000000002, 0.1481233333333333, 0.14104666666666668, 0.13314666666666666, 0.11719666666666664, 0.12651333333333334, 0.10705666666666666, 0.09824999999999998, 0.10700000000000001, 4.172463333333334, 0.15203666666666665, 0.11994666666666667, 0.11461333333333333, 0.13199, 0.11445333333333334, 0.10143666666666667, 0.08293333333333335, 0.08811333333333332, 0.0909166666666667, 3.7755533333333333, 0.2579333333333334, 0.21866999999999998, 0.21169666666666664, 0.22360666666666665, 0.13410000000000002, 0.11187666666666668, 0.11431666666666666, 0.09700333333333333, 0.10355000000000002, 0.10642, 0.11115333333333331, 0.11390000000000003, 4.17149, 0.15274666666666667, 0.12481666666666663, 0.10917333333333333, 0.09795666666666666, 0.08583000000000002, 0.09705333333333334, 0.09139333333333334, 0.09598666666666668, 0.0891, 0.07171999999999999, 4.095583333333334, 0.14001666666666665, 0.11061333333333331, 0.10634333333333333, 0.13016666666666668, 0.09244000000000001, 0.09495999999999999, 0.11261666666666666, 0.10166999999999998, 0.09373333333333336, 4.113206666666667, 0.11962333333333332, 0.11077333333333332, 0.09027666666666666, 0.09963666666666665, 0.10106333333333332, 0.09065333333333334, 0.0959, 4.239086666666667, 0.13429333333333332, 0.12843, 0.10685333333333334, 0.07683666666666666, 0.11324333333333333, 0.09566000000000001, 0.09827333333333331, 0.10768666666666667, 4.186956666666667, 0.13871, 0.11726666666666666, 0.09978666666666668, 0.11374000000000001, 0.10034666666666665, 0.10758333333333335, 4.307856666666667, 0.14280333333333334, 0.11739000000000001, 0.12162333333333333, 0.09801, 0.10623999999999999, 0.10355333333333334, 0.08879999999999999, 0.07395999999999998, 0.09252333333333332, 4.101683333333333, 0.12608, 0.11578666666666666, 0.10446333333333332, 0.10648666666666669]}