{"test_accuracy": [1.0, 1.0, 1.0, 1.0, 1.0, 1.0, 1.0, 1.0, 1.0, 1.0, 1.0, 1.0, 1.0, 1.0, 1.0, 1.0, 1.0, 1.0, 1.0, 1.0, 1.0, 1.0, 1.0, 1.0, 1.0, 1.0, 1.0, 1.0, 1.0, 1.0, 1.0, 1.0, 1.0, 1.0, 1.0, 1.0, 1.0, 1.0, 1.0, 1.0, 1.0, 1.0, 1.0, 1.0, 1.0, 1.0, 1.0, 1.0, 1.0, 1.0, 1.0, 1.0, 1.0, 1.0, 1.0, 1.0, 1.0, 1.0, 1.0, 1.0, 1.0, 1.0, 1.0, 1.0, 1.0, 1.0, 1.0, 1.0, 1.0, 1.0, 1.0, 1.0, 1.0, 1.0, 1.0, 1.0, 1.0, 1.0, 1.0, 1.0, 1.0, 1.0, 1.0, 1.0, 1.0, 1.0, 1.0, 1.0, 1.0, 1.0, 1.0, 1.0, 1.0, 1.0, 1.0, 1.0, 1.0, 1.0, 1.0, 1.0], "test_loss": [9.142013333333331, 8.717553333333335, 8.638133333333334, 8.626283333333332, 8.62444, 8.622563333333334, 8.62102, 8.62038, 8.620573333333335, 8.619633333333333, 8.618526666666668, 8.618590000000001, 8.618490000000001, 8.617826666666668, 8.61794, 8.617213333333332, 8.617743333333333, 8.616416666666664, 8.615810000000002, 8.616006666666665, 8.616183333333334, 8.617230000000001, 8.616153333333333, 8.617396666666666, 8.615236666666668, 8.617076666666666, 8.616316666666668, 8.615996666666666, 8.617043333333331, 8.616000000000001, 8.61614, 8.616466666666666, 8.617003333333335, 8.615856666666668, 8.616150000000001, 8.615223333333331, 8.615866666666667, 8.615716666666666, 8.615493333333331, 8.614666666666668, 8.614406666666667, 8.615086666666665, 8.615943333333332, 8.615773333333333, 8.615143333333332, 8.615609999999998, 8.614700000000001, 8.614906666666664, 8.615476666666666, 8.615683333333331, 8.615216666666667, 8.615010000000002, 8.614553333333333, 8.61473, 8.614696666666667, 8.614379999999999, 8.613766666666667, 8.614733333333334, 8.614356666666668, 8.614056666666666, 8.614946666666667, 8.614236666666669, 8.614646666666665, 8.614396666666668, 8.614970000000001, 8.6144, 8.614856666666666, 8.613903333333333, 8.61459, 8.614583333333334, 8.61474, 8.615213333333333, 8.61484, 8.614786666666667, 8.614116666666666, 8.613930000000002, 8.614453333333334, 8.614139999999999, 8.613933333333334, 8.613863333333335, 8.61485, 8.615003333333334, 8.614663333333334, 8.61347, 8.614263333333334, 8.61337666666667, 8.613743333333332, 8.614239999999999, 8.614703333333331, 8.614200000000002, 8.613613333333335, 8.61509, 8.614286666666665, 8.613680000000004, 8.613616666666667, 8.6141, 8.613093333333332, 8.614036666666667, 8.61343, 8.613296666666665]}