{"test_accuracy": [1.0, 1.0, 1.0, 1.0, 1.0, 1.0, 1.0, 1.0, 1.0, 1.0, 1.0, 1.0, 1.0, 1.0, 1.0, 1.0, 1.0, 1.0, 1.0, 1.0, 1.0, 1.0, 1.0, 1.0, 1.0, 1.0, 1.0, 1.0, 1.0, 1.0, 1.0, 1.0, 1.0, 1.0, 1.0, 1.0, 1.0, 1.0, 1.0, 1.0, 1.0, 1.0, 1.0, 1.0, 1.0, 1.0, 1.0, 1.0, 1.0, 1.0, 1.0, 1.0, 1.0, 1.0, 1.0, 1.0, 1.0, 1.0, 1.0, 1.0, 1.0, 1.0, 1.0, 1.0, 1.0, 1.0, 1.0, 1.0, 1.0, 1.0, 1.0, 1.0, 1.0, 1.0, 1.0, 1.0, 1.0, 1.0, 1.0, 1.0, 1.0, 1.0, 1.0, 1.0, 1.0, 1.0, 1.0, 1.0, 1.0, 1.0, 1.0, 1.0, 1.0, 1.0, 1.0, 1.0, 1.0, 1.0, 1.0, 1.0], "test_loss": [9.457483333333332, 9.257656666666668, 9.269876666666667, 9.523433333333335, 10.365839999999999, 11.006153333333334, 10.625246666666664, 10.467459999999999, 9.645073333333332, 9.68152, 10.145803333333333, 9.805123333333334, 9.862603333333334, 9.81227666666667, 9.725396666666665, 9.67771, 9.685283333333333, 9.822906666666666, 9.63746, 9.634093333333334, 9.433813333333337, 9.736686666666666, 9.526240000000001, 9.474103333333334, 9.785329999999998, 9.53647, 9.732353333333334, 9.468136666666668, 9.608906666666668, 9.530040000000003, 9.330843333333332, 9.540343333333334, 9.510543333333334, 9.929673333333332, 9.35093, 9.130306666666668, 9.063523333333334, 9.36074666666667, 9.606623333333333, 9.49944, 9.792189999999998, 9.132276666666664, 9.069203333333332, 9.101730000000002, 9.405876666666668, 9.295376666666666, 9.485103333333333, 9.297360000000001, 9.248866666666665, 9.166126666666667, 9.286606666666668, 9.163363333333333, 9.201590000000001, 8.962473333333334, 8.938633333333335, 8.9675, 9.060193333333332, 8.96701, 8.947706666666667, 8.889633333333332, 9.015816666666666, 9.164576666666669, 9.00917, 9.117963333333334, 8.78101, 8.937796666666666, 8.887936666666665, 8.816316666666667, 8.761963333333334, 9.092593333333333, 9.132453333333334, 8.833176666666667, 8.658236666666669, 8.691516666666667, 8.871903333333332, 8.830809999999998, 8.813543333333335, 8.614563333333333, 8.52298, 8.5899, 8.610320000000002, 8.769563333333334, 8.770279999999998, 8.681866666666668, 8.841926666666666, 8.729323333333333, 8.782469999999998, 8.574636666666665, 8.636116666666664, 8.356433333333333, 8.54644, 8.623076666666666, 8.660103333333332, 8.353223333333334, 8.614136666666667, 8.412693333333332, 8.550049999999999, 8.935413333333333, 8.556066666666664, 8.358713333333332]}