{"test_accuracy": [0.2033333333333333, 0.2924166666666667, 0.33833333333333326, 0.36941666666666667, 0.40125000000000005, 0.4210833333333333, 0.45025000000000015, 0.479, 0.498, 0.5096666666666667, 0.5375, 0.5566666666666666, 0.5690833333333334, 0.5799166666666669, 0.5933333333333334, 0.5882499999999998, 0.59675, 0.6041666666666666, 0.6148333333333333, 0.6255, 0.6279166666666665, 0.6365, 0.63625, 0.63275, 0.6466666666666667, 0.6465, 0.6546666666666667, 0.6519166666666667, 0.6539166666666668, 0.6609166666666667, 0.6634166666666668, 0.65475, 0.6691666666666666, 0.6682499999999999, 0.664, 0.6664166666666669, 0.6665, 0.6766666666666669, 0.6743333333333333, 0.6677500000000001, 0.67525, 0.6778333333333334, 0.6749999999999999, 0.6748333333333334, 0.6842499999999999, 0.6801666666666667, 0.6729166666666665, 0.6740833333333334, 0.6780833333333333, 0.6765833333333333, 0.6802499999999999, 0.6851666666666668, 0.6816666666666668, 0.6863333333333334, 0.6814999999999999, 0.6830000000000002, 0.6824166666666668, 0.6857500000000001, 0.6802499999999999, 0.6808333333333333, 0.6845, 0.6844166666666667, 0.6808333333333333, 0.6841666666666666, 0.6833333333333335, 0.6853333333333332, 0.6831666666666668, 0.6876666666666668, 0.6935, 0.6815000000000001, 0.6856666666666668, 0.6855833333333333, 0.6932499999999997, 0.6993333333333335, 0.6883333333333331, 0.6907499999999999, 0.6923333333333334, 0.6894166666666666, 0.6916666666666667, 0.6827500000000001, 0.6909166666666666, 0.6839999999999999, 0.6914999999999999, 0.6936666666666668, 0.6887500000000001, 0.6956666666666665, 0.6935000000000001, 0.6938333333333333, 0.6858333333333333, 0.6878333333333334, 0.6933333333333331, 0.703833333333333, 0.6880000000000001, 0.6863333333333331, 0.6957500000000002, 0.6905833333333334, 0.6838333333333334, 0.68575, 0.68325, 0.6917500000000001], "test_loss": [9.023889999999998, 8.53673, 8.059176666666666, 7.534453333333334, 7.16271, 6.7887, 6.444886666666666, 6.1834733333333345, 5.977026666666665, 5.7147533333333325, 5.5216933333333325, 5.36592, 5.09124, 4.960716666666667, 4.876639999999999, 4.783283333333333, 4.624193333333334, 4.62942, 4.467653333333335, 4.434063333333333, 4.32168, 4.171086666666666, 4.250376666666667, 4.200443333333334, 4.05305, 4.11096, 3.9794433333333337, 3.993186666666667, 4.066436666666666, 3.9256333333333333, 3.9193166666666666, 3.930593333333334, 3.8141833333333333, 3.894493333333334, 3.853993333333333, 3.9006066666666674, 3.745249999999999, 3.723646666666666, 3.738186666666667, 3.80267, 3.79089, 3.728666666666667, 3.73441, 3.8128700000000006, 3.7082433333333333, 3.819646666666666, 3.821763333333334, 3.7814966666666665, 3.7968100000000007, 3.7545, 3.805743333333333, 3.664143333333334, 3.7158366666666667, 3.7183266666666657, 3.7019000000000006, 3.694576666666667, 3.8271900000000003, 3.771843333333334, 3.7664200000000005, 3.729973333333334, 3.7258799999999996, 3.6905266666666674, 3.79906, 3.7292566666666667, 3.882183333333333, 3.6828100000000004, 3.7231266666666665, 3.7861199999999995, 3.6725100000000004, 3.8739299999999997, 3.8404900000000004, 3.874163333333333, 3.7934233333333336, 3.8097466666666673, 3.814423333333333, 3.780836666666667, 3.730870000000001, 3.7300966666666673, 3.8066233333333335, 3.9345100000000004, 3.9065100000000004, 3.8969700000000005, 3.7722733333333323, 3.7588666666666666, 3.81439, 3.7623066666666665, 3.8059399999999997, 3.762513333333333, 3.7472733333333337, 3.7370099999999993, 3.8024733333333334, 3.748066666666667, 3.8362600000000007, 3.8343433333333325, 3.727086666666667, 3.876646666666667, 3.9857600000000004, 3.8122599999999998, 3.9397266666666675, 3.8506766666666667]}