{"test_accuracy": [0.9464166666666666, 0.9770000000000001, 0.9821666666666669, 0.9845833333333334, 0.9850833333333334, 0.9890833333333334, 0.99025, 0.9910000000000001, 0.99075, 0.9903266666666669, 0.9900533333333333, 0.9914033333333336, 0.9914000000000002, 0.9918466666666668, 0.9926800000000002, 0.99253, 0.9932833333333335, 0.9936600000000001, 0.99343, 0.99257, 0.9930433333333334, 0.9928266666666666, 0.9943333333333334, 0.9937933333333333, 0.9938699999999998, 0.9935200000000001, 0.9929799999999999, 0.9929733333333333, 0.9929133333333334, 0.99357, 0.99407, 0.9945666666666667, 0.9943833333333334, 0.99406, 0.9945033333333332, 0.9941966666666666, 0.99414, 0.99432, 0.9939466666666665, 0.9941766666666668, 0.9936766666666669, 0.9946200000000001, 0.9948033333333335, 0.9954100000000001, 0.9941866666666667, 0.9946800000000001, 0.9947966666666669, 0.9941933333333335, 0.9951533333333333, 0.9948999999999999, 0.9951133333333332, 0.9943299999999999, 0.9944433333333332, 0.9946633333333332, 0.9958566666666666, 0.9952133333333333, 0.9939433333333333, 0.9943799999999999, 0.9940366666666666, 0.9946999999999999], "test_loss": [1.7510466666666664, 0.2950266666666666, 0.21741333333333335, 0.18342999999999998, 0.17578666666666665, 0.15209666666666663, 0.11102000000000002, 0.14089, 0.11146333333333333, 0.11709666666666667, 0.11594666666666666, 0.11379000000000002, 0.10258999999999999, 0.10305, 0.08815, 0.07287666666666667, 0.08324333333333332, 0.08253666666666665, 0.08098666666666667, 0.09447333333333335, 0.08591000000000001, 0.08781333333333333, 0.07886666666666668, 0.07189999999999999, 0.07450333333333334, 0.0765, 0.08304333333333334, 0.08234333333333331, 0.10965666666666667, 0.11657000000000001, 0.09131333333333332, 0.08602666666666668, 0.09743666666666667, 0.10179666666666667, 0.09816333333333332, 0.08868333333333332, 0.09817000000000002, 0.10762333333333333, 0.10409, 0.10184666666666665, 0.11924999999999998, 0.09605333333333334, 0.09615000000000001, 0.09894666666666668, 0.10203000000000001, 0.11588333333333334, 0.09366666666666665, 0.10905666666666668, 0.10326666666666667, 0.13333, 0.10139333333333332, 0.12846, 0.12162999999999999, 0.1523266666666667, 0.08784999999999998, 0.21616333333333335, 0.12689, 0.1766966666666667, 0.14499333333333334, 0.13514666666666666]}