{"test_accuracy": [0.9573799999999999, 0.9770333333333334, 0.9772900000000001, 0.9835333333333334, 0.9862, 0.9846233333333332, 0.9870900000000001, 0.9893633333333333, 0.9887433333333335, 0.9889533333333334, 0.9888333333333335, 0.9898333333333335, 0.9910200000000001, 0.9895233333333333, 0.9908566666666665, 0.9905066666666669, 0.9897266666666666, 0.9911466666666666, 0.9918633333333332, 0.9924999999999999, 0.9921833333333335, 0.9892466666666666, 0.9917833333333336, 0.99177, 0.9897866666666668, 0.9913766666666667, 0.9914, 0.98962, 0.9909233333333333, 0.9908366666666668, 0.9930133333333333, 0.9931633333333333, 0.9917133333333333, 0.9913366666666668, 0.9927166666666667, 0.9924199999999999, 0.99389, 0.9926833333333334, 0.9932466666666667, 0.9924699999999999, 0.99192, 0.99203, 0.9924266666666668, 0.9924233333333332, 0.9939666666666667, 0.9929666666666667, 0.9921966666666666, 0.9932900000000001, 0.9926866666666665, 0.9940800000000002, 0.99165, 0.9928066666666667, 0.9911366666666667, 0.9922133333333335, 0.9919033333333332, 0.9923033333333333, 0.9920766666666666, 0.99292, 0.9924333333333333, 0.9942466666666668, 0.9931933333333334, 0.99237, 0.9945266666666666, 0.9931566666666669, 0.9943966666666667, 0.9947933333333334, 0.9938466666666668, 0.9924566666666668, 0.9936733333333335, 0.9937133333333333, 0.9938133333333334, 0.9933033333333333, 0.9936933333333333, 0.9927233333333335, 0.9927266666666666, 0.9942700000000001, 0.9930866666666668, 0.9937100000000002, 0.99358, 0.9927166666666667, 0.9933833333333333, 0.9937433333333333, 0.9947666666666666, 0.9942899999999999, 0.9929033333333332, 0.9919233333333334, 0.9945900000000001, 0.9925733333333333, 0.9940466666666666, 0.9922966666666667, 0.9944400000000002, 0.9924300000000001, 0.9933166666666666, 0.9931833333333333, 0.9940533333333333, 0.9925333333333336, 0.99178, 0.9929733333333334, 0.9936999999999999, 0.99387], "test_loss": [0.49813, 0.26941, 0.22940666666666668, 0.17438666666666663, 0.14186666666666667, 0.13799333333333333, 0.12033666666666668, 0.12812, 0.11951333333333335, 0.1262533333333333, 0.11256, 0.11987333333333332, 0.09122000000000001, 0.12962, 0.09429000000000001, 0.10017999999999998, 0.09866000000000001, 0.10521666666666667, 0.07979, 0.08076666666666667, 0.08428, 0.08782333333333332, 0.09385666666666666, 0.10666666666666666, 0.09069333333333332, 0.07863, 0.08854000000000001, 0.08549666666666668, 0.11119666666666665, 0.10312666666666664, 0.08666666666666666, 0.10079333333333333, 0.07493, 0.08366666666666668, 0.09076, 0.08448333333333333, 0.06668, 0.06379666666666667, 0.08758333333333333, 0.08031333333333336, 0.09442333333333332, 0.08936000000000001, 0.07772000000000001, 0.08306666666666666, 0.07459333333333333, 0.07891, 0.09667666666666669, 0.06849, 0.10590000000000001, 0.06791333333333333, 0.08088, 0.08766, 0.10275666666666665, 0.06823666666666668, 0.09496666666666667, 0.10242333333333332, 0.09351333333333332, 0.08669, 0.08248666666666668, 0.08676999999999999, 0.08811, 0.10553, 0.06915000000000002, 0.08936333333333331, 0.07972333333333333, 0.058956666666666664, 0.08080666666666665, 0.0928833333333333, 0.09431666666666666, 0.08105333333333334, 0.07478666666666665, 0.07564666666666665, 0.07244666666666667, 0.09647999999999998, 0.08717, 0.07739000000000001, 0.10290333333333333, 0.07903, 0.08854999999999999, 0.08501666666666667, 0.09670999999999998, 0.07056666666666665, 0.07362333333333333, 0.07047333333333333, 0.11533333333333333, 0.11621000000000001, 0.07188, 0.09445, 0.08326000000000001, 0.09944666666666667, 0.08687666666666666, 0.10385, 0.08664666666666666, 0.07884000000000002, 0.06933666666666666, 0.09664, 0.10965333333333335, 0.12087333333333335, 0.08155, 0.09652333333333332]}