{"test_accuracy": [0.8999033333333334, 0.9674733333333335, 0.9766566666666667, 0.98403, 0.9847333333333331, 0.98506, 0.9875700000000001, 0.9866100000000001, 0.9871833333333334, 0.9893833333333334, 0.9913566666666667, 0.99248, 0.9925000000000002, 0.9901666666666666, 0.9927566666666668, 0.9913266666666666, 0.9913433333333335, 0.9925066666666669, 0.9913300000000002, 0.9914666666666666, 0.9930666666666668, 0.99237, 0.9920100000000001, 0.9914366666666667, 0.9917533333333333, 0.9894766666666669, 0.9916533333333334, 0.9913533333333334, 0.9922066666666667, 0.9925733333333334, 0.9925099999999998, 0.9925266666666669, 0.9928333333333333, 0.99123, 0.9936899999999999, 0.9931266666666667, 0.9924633333333333, 0.9921466666666667, 0.9925966666666667, 0.9943833333333334, 0.9939966666666668, 0.99342, 0.9925566666666668, 0.9941499999999998, 0.9929433333333332, 0.9919833333333334, 0.9934466666666667, 0.99116, 0.9945733333333334, 0.9953066666666666, 0.9940966666666667, 0.9932266666666666, 0.9928266666666666, 0.99286, 0.9914333333333335, 0.9934533333333333, 0.9928733333333334, 0.9919566666666667, 0.9925099999999999, 0.9927866666666666, 0.9942633333333333, 0.9926600000000001, 0.9939733333333333, 0.9943233333333333, 0.9934833333333334, 0.9948966666666667, 0.9940866666666668, 0.9937366666666666, 0.9924999999999998, 0.9932866666666667, 0.9934399999999999, 0.9956233333333333, 0.9940133333333333, 0.9944333333333334, 0.9942799999999998, 0.9935766666666664, 0.9912433333333334, 0.9937866666666666, 0.99326, 0.9932833333333334, 0.9937999999999999, 0.9908633333333334, 0.99493, 0.9922699999999999, 0.9919166666666664, 0.9943633333333332, 0.99068, 0.9917400000000001, 0.9948400000000001, 0.9910666666666668, 0.9937966666666667, 0.9949333333333334, 0.9943666666666666, 0.9938266666666667, 0.9946833333333334, 0.9937366666666664, 0.99393, 0.9946699999999999, 0.9946333333333334, 0.99543], "test_loss": [7.21605, 0.3635066666666667, 0.2758566666666667, 0.17818666666666663, 0.16541, 0.14901333333333333, 0.13370666666666667, 0.13568, 0.12583666666666668, 0.12035333333333335, 0.11139666666666666, 0.09016333333333332, 0.10390999999999999, 0.10633666666666668, 0.09878666666666663, 0.09589666666666666, 0.09163999999999999, 0.08669000000000002, 0.1038733333333333, 0.09191666666666666, 0.07231333333333333, 0.10175666666666666, 0.07893333333333334, 0.09210666666666668, 0.09618666666666667, 0.10869999999999999, 0.11821999999999999, 0.10256333333333333, 0.08349000000000001, 0.09336333333333333, 0.08227666666666665, 0.09391333333333332, 0.09317666666666669, 0.08763999999999998, 0.07260333333333334, 0.08744666666666666, 0.09668666666666666, 0.09132333333333335, 0.08655666666666667, 0.09239000000000001, 0.08437000000000001, 0.07953, 0.08299666666666666, 0.07577999999999999, 0.08596000000000001, 0.08902999999999998, 0.09213333333333333, 0.08714000000000001, 0.07216333333333333, 0.0679, 0.08456999999999999, 0.08611666666666666, 0.10425999999999998, 0.09651000000000001, 0.09390666666666667, 0.07118000000000001, 0.08905666666666666, 0.09079333333333332, 0.0818, 0.08368666666666669, 0.07484, 0.08224999999999999, 0.06963, 0.07789666666666667, 0.10004666666666664, 0.06938333333333334, 0.08155, 0.07959999999999999, 0.09531666666666667, 0.09941666666666668, 0.10108999999999999, 0.07842, 0.07186666666666668, 0.08528333333333334, 0.09478999999999999, 0.10346333333333332, 0.11287666666666668, 0.10151333333333332, 0.10468666666666666, 0.07925333333333333, 0.11195333333333334, 0.09201, 0.09061666666666666, 0.12003666666666667, 0.10975333333333334, 0.07995666666666666, 0.11316666666666667, 0.10497666666666668, 0.07278000000000001, 0.11333333333333331, 0.07498333333333333, 0.07307000000000001, 0.10617333333333333, 0.08898666666666664, 0.08360000000000002, 0.08900333333333334, 0.08125666666666669, 0.09906666666666666, 0.10113666666666667, 0.07070333333333333]}