{"test_accuracy": [0.23850000000000002, 0.25275, 0.29483333333333334, 0.33025, 0.36008333333333337, 0.37833333333333347, 0.40924999999999995, 0.4295833333333333, 0.449, 0.4546666666666666, 0.4728333333333333, 0.48341666666666666, 0.5006666666666667, 0.5055833333333333, 0.5191666666666667, 0.5299166666666667, 0.5405833333333334, 0.5442500000000001, 0.5556666666666668, 0.5535833333333334, 0.5611666666666666, 0.5599999999999999, 0.5809999999999998, 0.5787499999999999, 0.5848333333333333, 0.5849166666666668, 0.5943333333333334, 0.5991666666666667, 0.6019166666666665, 0.6094166666666667, 0.6046666666666666, 0.6155833333333333, 0.6249166666666668, 0.6200833333333334, 0.6214166666666666, 0.6257499999999999, 0.619, 0.6250833333333333, 0.6259166666666667, 0.6216666666666665, 0.6335, 0.6355833333333333, 0.6334166666666668, 0.6390833333333334, 0.6428333333333334, 0.638, 0.6456666666666668, 0.65275, 0.6394166666666666, 0.6563333333333333, 0.6525833333333334, 0.646, 0.6493333333333334, 0.6517499999999999, 0.6603333333333334, 0.6626666666666666, 0.6528333333333334, 0.6539166666666666, 0.6531666666666668, 0.65275, 0.6515000000000001, 0.65475, 0.6566666666666667, 0.6594166666666667, 0.6641666666666667, 0.6600833333333332, 0.6621666666666665, 0.658, 0.67025, 0.67275, 0.6682500000000001, 0.6628333333333334, 0.6650833333333332, 0.6674999999999999, 0.6645, 0.6685000000000001, 0.6625000000000001, 0.6706666666666667, 0.6705000000000001, 0.6736666666666664, 0.6649166666666666, 0.6608333333333333, 0.6664166666666668, 0.667, 0.6730833333333333, 0.6635833333333333, 0.6742499999999999, 0.6651666666666667, 0.66675, 0.6669166666666667, 0.6671666666666666, 0.6739166666666668, 0.6633333333333334, 0.6645833333333332, 0.6684166666666668, 0.6636666666666667, 0.672, 0.6645000000000001, 0.6684166666666668, 0.6743333333333333], "test_loss": [8.920493333333333, 8.355243333333332, 7.872296666666666, 7.552513333333334, 7.280516666666668, 6.923963333333334, 6.710523333333334, 6.512733333333335, 6.287036666666667, 6.184666666666667, 6.0064600000000015, 5.855956666666668, 5.75393, 5.655803333333334, 5.524289999999999, 5.4020133333333336, 5.31564, 5.286443333333334, 5.097059999999999, 5.110403333333334, 4.977723333333333, 4.985496666666667, 4.809566666666667, 4.822886666666666, 4.836876666666667, 4.727223333333332, 4.660843333333333, 4.549313333333332, 4.6457033333333335, 4.422676666666666, 4.480413333333334, 4.46178, 4.3495099999999995, 4.448423333333333, 4.308846666666667, 4.360163333333333, 4.269776666666667, 4.32568, 4.20021, 4.281423333333334, 4.244036666666666, 4.183916666666667, 4.100666666666665, 4.134006666666667, 4.14165, 4.138433333333333, 3.9861666666666666, 4.037086666666666, 4.031316666666666, 4.021343333333333, 4.015006666666666, 4.104293333333334, 4.064686666666666, 3.9787633333333337, 3.944313333333334, 3.8692133333333336, 3.922463333333334, 3.924583333333333, 3.9902999999999995, 3.9217633333333337, 3.9144199999999993, 3.9695400000000003, 3.927536666666667, 3.9204033333333337, 3.8891566666666666, 3.82038, 3.8864300000000003, 3.97368, 3.80618, 3.841986666666666, 3.96854, 3.8224133333333326, 3.8928900000000004, 3.8482133333333333, 3.9011066666666663, 3.803353333333333, 3.86877, 3.7372733333333334, 3.8098400000000003, 3.7565166666666667, 3.9403099999999993, 3.7903800000000003, 3.8965133333333335, 3.9170999999999996, 3.7621433333333334, 3.791893333333333, 3.6162866666666664, 3.81946, 3.937026666666667, 3.806973333333333, 3.9121533333333334, 3.847866666666667, 3.8229533333333334, 3.89649, 3.7970666666666673, 3.8759233333333336, 3.92857, 3.93729, 3.8059133333333333, 3.771173333333334]}