{"test_accuracy": [0.24800000000000003, 0.19891666666666666, 0.15575000000000003, 0.22683333333333336, 0.243, 0.26008333333333333, 0.2665, 0.2806666666666667, 0.29733333333333334, 0.32533333333333336, 0.33225000000000005, 0.3550833333333333, 0.37033333333333335, 0.3730833333333334, 0.3919166666666667, 0.39583333333333326, 0.4056666666666667, 0.4141666666666667, 0.43383333333333335, 0.44, 0.45483333333333337, 0.4564166666666667, 0.47691666666666677, 0.4755833333333333, 0.48700000000000004, 0.49333333333333335, 0.4968333333333333, 0.5049166666666667, 0.5135833333333333, 0.5234166666666666, 0.5240833333333332, 0.5293333333333333, 0.5335833333333333, 0.5379166666666667, 0.5494166666666668, 0.5489999999999999, 0.5580833333333334, 0.5545833333333334, 0.5604999999999999, 0.57325, 0.5635, 0.5670000000000001, 0.5737500000000001, 0.5775833333333332, 0.5799166666666667, 0.5771666666666666, 0.5914166666666667, 0.5935833333333334, 0.5894999999999999, 0.5911666666666666, 0.5966666666666668, 0.5980000000000001, 0.5955833333333334, 0.6005833333333331, 0.6094166666666666, 0.6050833333333333, 0.6056666666666667, 0.615, 0.6146666666666666, 0.6214166666666667, 0.6187499999999999, 0.6158333333333333, 0.6162500000000002, 0.61125, 0.6207499999999999, 0.6251666666666666, 0.6271666666666668, 0.6310833333333333, 0.6300833333333334, 0.6282500000000001, 0.63625, 0.6300833333333334, 0.6253333333333333, 0.6339166666666667, 0.6288333333333334, 0.6321666666666667, 0.6252500000000001, 0.6349166666666666, 0.6375, 0.6346666666666667, 0.6374999999999998, 0.6393333333333332, 0.636, 0.6397499999999999, 0.6410833333333332, 0.63725, 0.6415, 0.6363333333333333, 0.6447499999999999, 0.6468333333333334, 0.6526666666666667, 0.6493333333333333, 0.6451666666666667, 0.6410833333333333, 0.6444999999999997, 0.645, 0.6480833333333333, 0.6553333333333334, 0.6506666666666667, 0.6502499999999999], "test_loss": [9.147303333333335, 8.905096666666664, 8.99911, 8.465183333333336, 8.102526666666666, 7.87626, 7.67658, 7.485543333333334, 7.278303333333332, 7.169463333333332, 7.0694066666666675, 6.863090000000001, 6.713243333333335, 6.539036666666666, 6.451086666666666, 6.370920000000001, 6.2727900000000005, 6.129569999999999, 6.055966666666668, 5.952610000000001, 5.839853333333333, 5.865966666666667, 5.657256666666667, 5.6955100000000005, 5.559463333333334, 5.5013266666666665, 5.500146666666665, 5.3759299999999985, 5.355853333333332, 5.290720000000001, 5.3103799999999985, 5.139516666666666, 5.134836666666667, 5.052873333333334, 5.02195, 5.039673333333334, 4.902496666666666, 4.931346666666666, 4.87434, 4.709606666666667, 4.770296666666668, 4.824203333333333, 4.732526666666668, 4.6594766666666665, 4.656840000000001, 4.641183333333333, 4.4829799999999995, 4.54801, 4.532136666666667, 4.567776666666666, 4.509816666666667, 4.48863, 4.419056666666666, 4.375229999999999, 4.36544, 4.470906666666666, 4.409433333333334, 4.339389999999999, 4.2939533333333335, 4.2901966666666675, 4.266913333333333, 4.29001, 4.236263333333333, 4.235506666666667, 4.135306666666667, 4.29227, 4.112993333333334, 4.162486666666667, 4.173116666666667, 4.1503033333333335, 4.1202700000000005, 4.068410000000001, 4.165676666666666, 4.260893333333334, 4.1930700000000005, 4.063343333333333, 4.1581866666666665, 4.095996666666667, 4.040203333333333, 4.053336666666667, 4.02076, 3.96445, 4.11763, 4.006519999999999, 4.066536666666667, 4.0514866666666665, 4.100003333333333, 4.129386666666667, 4.002256666666666, 3.9718133333333325, 3.989536666666667, 4.045616666666666, 3.9435266666666666, 4.015876666666666, 4.0490466666666665, 3.9772333333333334, 3.9919299999999995, 3.927963333333335, 3.9748033333333335, 4.019473333333334]}