{"test_accuracy": [0.20358333333333334, 0.10975, 0.32691666666666663, 0.28024999999999994, 0.4301666666666667, 0.4700833333333333, 0.14600000000000002, 0.28808333333333336, 0.46925, 0.6034166666666666, 0.6472500000000001, 0.48258333333333325, 0.26058333333333333, 0.4404166666666666, 0.6344166666666667, 0.7349166666666666, 0.7795000000000002, 0.6680833333333333, 0.5631666666666665, 0.5371666666666666, 0.6887500000000001, 0.7562500000000001, 0.8283333333333334, 0.7146666666666666, 0.6235, 0.6630833333333334, 0.7986666666666669, 0.8590833333333331, 0.8623333333333333, 0.8723333333333333, 0.8856666666666667, 0.9003333333333334, 0.9095833333333332, 0.9258333333333333, 0.9250833333333334, 0.9446666666666668, 0.9435833333333332, 0.9546666666666667, 0.9550833333333333, 0.9569166666666666, 0.9678333333333333, 0.9680833333333333, 0.9728333333333334, 0.9710833333333334, 0.9737500000000001, 0.9762499999999998, 0.977, 0.9757500000000001, 0.9779166666666667, 0.9795833333333334, 0.9806666666666667, 0.9830000000000001, 0.98275, 0.9825833333333335, 0.9828333333333333, 0.984, 0.9848333333333333, 0.9859166666666667, 0.98475, 0.9866666666666666], "test_loss": [8.792843333333334, 9.59235, 12.22392, 8.856003333333332, 7.623520000000001, 7.403433333333335, 8.650766666666666, 9.651880000000002, 7.660853333333334, 6.246623333333333, 5.569886666666665, 5.9965600000000014, 10.587199999999998, 7.990530000000001, 5.856566666666667, 4.643183333333332, 3.7530200000000002, 3.94695, 7.64174, 6.005686666666666, 4.1132, 3.1845733333333337, 2.633626666666666, 3.244993333333334, 3.7358466666666668, 4.6226400000000005, 2.6620399999999997, 1.9725533333333332, 1.7583633333333337, 1.50425, 1.35852, 1.1387366666666667, 1.0376699999999999, 0.8457566666666666, 0.9140766666666666, 0.7037433333333334, 0.69212, 0.59838, 0.5836933333333333, 0.57623, 0.42185, 0.4242633333333333, 0.33680000000000004, 0.35440999999999995, 0.32919, 0.31068999999999997, 0.29672666666666664, 0.2754166666666667, 0.2598433333333333, 0.21097999999999997, 0.2408566666666667, 0.19438999999999998, 0.20192666666666664, 0.1846866666666666, 0.18250333333333338, 0.16571333333333335, 0.17133666666666666, 0.14255999999999996, 0.18426666666666666, 0.15373666666666666]}