{"test_accuracy": [0.5358333333333333, 0.73275, 0.86375, 0.9013333333333332, 0.9084166666666665, 0.90375, 0.8849166666666667, 0.8550833333333332, 0.8542500000000002, 0.868, 0.9144166666666668, 0.9450000000000001, 0.9412499999999998, 0.9574166666666666, 0.9559166666666666, 0.9588333333333333, 0.9595833333333332, 0.9618333333333333, 0.9615000000000001, 0.9620833333333334, 0.967, 0.9651666666666666, 0.9685833333333334, 0.9694999999999999, 0.9696666666666668, 0.9703333333333332, 0.9710833333333333, 0.9712500000000001, 0.9720833333333333, 0.9714166666666668, 0.9738333333333332, 0.9760000000000001, 0.9774166666666666, 0.9793333333333334, 0.9788333333333333, 0.9804166666666666, 0.9806666666666667, 0.9811666666666666, 0.9823333333333332, 0.9840000000000002, 0.98075, 0.9849166666666667, 0.9840833333333333, 0.9846666666666668, 0.9865833333333333, 0.9874166666666667, 0.9840833333333332, 0.9869999999999999, 0.9860833333333335, 0.9856666666666667, 0.9872500000000001, 0.9900833333333333, 0.9875833333333334, 0.9879166666666667, 0.9875, 0.9890833333333333, 0.9870000000000002, 0.9884999999999999, 0.9878333333333333, 0.9899166666666666], "test_loss": [8.484153333333333, 6.76224, 4.53983, 2.473053333333333, 1.899013333333333, 1.47386, 1.324793333333333, 2.15469, 1.7720999999999998, 1.8224633333333335, 0.9702000000000001, 0.7093833333333333, 0.6848866666666666, 0.53879, 0.5308166666666666, 0.48545, 0.5341833333333332, 0.5052833333333333, 0.4645333333333334, 0.4970866666666666, 0.4493166666666667, 0.42466666666666675, 0.3719266666666667, 0.35638, 0.37570000000000003, 0.36744, 0.3402866666666667, 0.3754933333333333, 0.3303000000000001, 0.40294333333333326, 0.35513, 0.31018333333333337, 0.23606, 0.2431233333333333, 0.2411533333333333, 0.22194666666666665, 0.20313666666666666, 0.21728666666666666, 0.21110666666666666, 0.17977333333333334, 0.23266333333333333, 0.16162, 0.18864666666666663, 0.19194666666666663, 0.13686, 0.1807266666666667, 0.16817, 0.17438999999999996, 0.15376666666666666, 0.18481000000000003, 0.11982333333333332, 0.14695, 0.15877333333333335, 0.16360000000000002, 0.14811666666666665, 0.13262333333333334, 0.14537999999999998, 0.15594, 0.12051999999999999, 0.11888666666666665]}