{"test_accuracy": [0.19050000000000003, 0.25958333333333333, 0.26175000000000004, 0.299, 0.33449999999999996, 0.35225, 0.372, 0.4043333333333333, 0.4215833333333334, 0.44149999999999995, 0.46791666666666665, 0.4789166666666667, 0.48666666666666675, 0.49149999999999994, 0.5149166666666667, 0.5206666666666666, 0.5323333333333333, 0.5439999999999999, 0.5483333333333333, 0.5574166666666667, 0.5703333333333334, 0.58375, 0.5944166666666667, 0.5989166666666667, 0.5990833333333332, 0.6057500000000001, 0.6094166666666666, 0.6291666666666665, 0.6213333333333332, 0.63325, 0.6299166666666667, 0.6416666666666668, 0.6474166666666668, 0.65325, 0.6517499999999999, 0.6558333333333333, 0.6650833333333335, 0.6664166666666667, 0.6715833333333333, 0.6712500000000001, 0.6824166666666667, 0.6890833333333333, 0.6845000000000001, 0.6941666666666667, 0.6955000000000002, 0.6955000000000001, 0.7010000000000001, 0.6948333333333336, 0.6964166666666666, 0.7116666666666666, 0.7032499999999999, 0.7070833333333333, 0.7088333333333332, 0.7107499999999998, 0.7115000000000001, 0.7215000000000001, 0.71575, 0.7253333333333333, 0.7329166666666667, 0.7230833333333334], "test_loss": [9.006863333333335, 8.424476666666667, 7.980626666666666, 7.630716666666666, 7.341453333333333, 7.134416666666666, 6.908966666666666, 6.703393333333333, 6.517713333333334, 6.364813333333335, 6.213553333333333, 5.980716666666667, 5.907333333333333, 5.861716666666667, 5.674673333333333, 5.513810000000001, 5.2849466666666665, 5.2196266666666675, 5.157853333333333, 5.056803333333333, 4.90054, 4.747953333333334, 4.655213333333333, 4.571916666666666, 4.546766666666667, 4.483169999999999, 4.450223333333333, 4.293733333333334, 4.296543333333334, 4.129956666666668, 4.06543, 4.10591, 3.909203333333333, 3.9309133333333337, 3.939843333333334, 3.8810599999999997, 3.8529133333333334, 3.795116666666666, 3.791313333333334, 3.8145700000000002, 3.6482866666666665, 3.6516933333333332, 3.64017, 3.5003599999999997, 3.6267633333333333, 3.5895766666666673, 3.423396666666667, 3.629343333333333, 3.4770899999999996, 3.4605300000000003, 3.476763333333333, 3.4901000000000004, 3.4257766666666667, 3.386356666666667, 3.4817699999999996, 3.325496666666667, 3.5873666666666666, 3.39648, 3.4501733333333333, 3.3899699999999995]}