{"test_accuracy": [0.17141666666666666, 0.25933333333333336, 0.29891666666666666, 0.3356666666666666, 0.37459666666666663, 0.4075566666666666, 0.42622333333333334, 0.4402633333333333, 0.45367333333333343, 0.4685066666666667, 0.48155, 0.4980266666666667, 0.4938766666666667, 0.5155566666666667, 0.5184366666666667, 0.5316633333333334, 0.5447500000000001, 0.5523933333333333, 0.5719533333333333, 0.5885866666666666, 0.5891066666666667, 0.6040833333333334, 0.6054733333333332, 0.6135766666666668, 0.6220533333333333, 0.63213, 0.6366466666666669, 0.6488766666666668, 0.6582166666666667, 0.6569699999999999, 0.6612000000000001, 0.6636733333333334, 0.6840566666666666, 0.6766233333333334, 0.68587, 0.6856999999999999, 0.6955599999999997, 0.7003333333333333, 0.7051166666666667, 0.7100266666666667, 0.7174900000000001, 0.72115, 0.7156300000000002, 0.7243466666666668, 0.7205533333333334, 0.7260366666666667, 0.7291766666666665, 0.7323233333333333, 0.7362066666666667, 0.7365533333333334, 0.73313, 0.7407133333333333, 0.7448766666666669, 0.7464466666666667, 0.7440433333333335, 0.7501499999999999, 0.7524233333333334, 0.7495833333333334, 0.7487399999999999, 0.7535299999999999], "test_loss": [9.037110000000002, 8.684473333333333, 8.287306666666666, 7.900156666666667, 7.553716666666667, 7.203956666666668, 6.903743333333334, 6.754763333333334, 6.50455, 6.306439999999999, 6.125789999999999, 5.968793333333334, 5.8425699999999985, 5.689069999999999, 6.911000000000001, 6.6964033333333335, 6.43773, 6.354266666666667, 6.158686666666667, 5.981056666666666, 5.815123333333331, 5.704373333333334, 5.620553333333333, 5.511286666666666, 6.468636666666668, 6.3233, 6.24936, 5.988953333333334, 5.819803333333334, 5.890176666666666, 5.77559, 5.724016666666667, 5.484603333333334, 5.593446666666667, 6.323606666666667, 6.266473333333334, 6.149960000000002, 6.038186666666667, 5.998913333333333, 6.242103333333334, 6.011126666666667, 6.027016666666667, 6.109170000000001, 5.8960066666666675, 6.538956666666667, 6.480386666666666, 6.435060000000001, 6.363763333333334, 6.301383333333335, 7.086500000000001, 7.185450000000001, 7.096536666666668, 6.9557899999999995, 6.957560000000001, 7.795143333333333, 7.645136666666665, 7.580936666666667, 7.79453, 7.755393333333331, 8.455856666666667]}