{"test_accuracy": [0.9551133333333334, 0.9764866666666665, 0.9814233333333334, 0.98263, 0.9864033333333334, 0.9875433333333332, 0.98943, 0.9892166666666665, 0.9912100000000001, 0.9882700000000001, 0.9898133333333334, 0.99179, 0.9895433333333334, 0.9911033333333333, 0.9924733333333333, 0.9918333333333335, 0.9925433333333334, 0.9908166666666667, 0.9915, 0.9925200000000001, 0.9920399999999999, 0.9914666666666666, 0.9926200000000001, 0.99242, 0.9898500000000001, 0.9931933333333334, 0.9938066666666665, 0.9942466666666668, 0.9921000000000001, 0.9940200000000001, 0.9934166666666667, 0.9942766666666667, 0.9920633333333332, 0.9946733333333334, 0.9932566666666668, 0.9944599999999999, 0.99329, 0.9934, 0.9939066666666666, 0.9941666666666666, 0.9940533333333333, 0.9929933333333333, 0.9943933333333332, 0.9913733333333334, 0.9950533333333332, 0.9961666666666668, 0.9949733333333335, 0.9949366666666666, 0.9953566666666667, 0.9934866666666667, 0.9950066666666667, 0.9947433333333334, 0.99385, 0.9949433333333334, 0.9945433333333334, 0.9956633333333333, 0.99416, 0.9947133333333333, 0.9940633333333332, 0.9947199999999999], "test_loss": [0.60176, 0.27006333333333343, 0.20251000000000008, 0.15863999999999998, 0.13708666666666666, 0.14737666666666668, 0.10060333333333334, 0.10422, 0.09845666666666666, 0.10954666666666667, 0.10682333333333331, 0.09158, 0.09463333333333333, 0.09284666666666667, 0.07747333333333334, 0.08930333333333332, 0.07662666666666665, 0.08418333333333333, 0.08303666666666665, 0.06720666666666666, 0.0785466666666667, 0.07559666666666666, 0.07247333333333333, 0.08933333333333332, 0.08639666666666668, 0.09328999999999997, 0.07915999999999998, 0.07288, 0.07249333333333334, 0.09606000000000002, 0.08513000000000001, 0.06687666666666667, 0.06769333333333334, 0.07014666666666666, 0.07598666666666665, 0.07346999999999998, 0.09071000000000001, 0.07632666666666668, 0.07589666666666667, 0.09931000000000001, 0.07196000000000001, 0.09044333333333335, 0.08089666666666666, 0.08504666666666669, 0.08713, 0.07639, 0.06972333333333333, 0.06260666666666666, 0.07506666666666667, 0.07148333333333333, 0.09019, 0.07399666666666668, 0.07597666666666666, 0.08096999999999999, 0.06562333333333333, 0.06264, 0.10665333333333332, 0.07875, 0.07744000000000001, 0.07714333333333334]}