{"test_accuracy": [0.9571933333333332, 0.9754566666666666, 0.9790500000000001, 0.9828699999999999, 0.9870333333333334, 0.9861766666666667, 0.9863533333333333, 0.98448, 0.9867366666666668, 0.9850699999999999, 0.89942, 0.9873966666666667, 0.98872, 0.9900866666666667, 0.9903533333333331, 0.99127, 0.9897233333333334, 0.9916233333333332, 0.9908399999999998, 0.9919266666666665, 0.99113, 0.9922300000000001, 0.9937733333333333, 0.9924499999999999, 0.9926233333333332, 0.9924866666666666, 0.9927833333333335, 0.99351, 0.9929833333333332, 0.9938500000000001, 0.9930533333333333, 0.9928833333333333, 0.9926266666666668, 0.99333, 0.9926166666666668, 0.9938733333333334, 0.9918433333333333, 0.9934433333333332, 0.9933366666666666, 0.9945766666666667, 0.9939966666666666, 0.9936699999999999, 0.9941099999999999, 0.9932333333333332, 0.9927400000000001, 0.9940266666666666, 0.9937499999999998, 0.9943866666666666, 0.9946466666666667, 0.9947166666666667, 0.9936900000000001, 0.9945499999999999, 0.99378, 0.9947600000000001, 0.9942866666666667, 0.9935633333333335, 0.9935166666666667, 0.9936933333333332, 0.9942233333333335, 0.9942333333333334], "test_loss": [0.6601033333333333, 0.30249, 0.21958333333333332, 0.21117333333333335, 0.2271733333333333, 0.24678333333333333, 0.21210666666666667, 0.23216999999999996, 0.2301733333333333, 0.17331666666666662, 1.4326333333333332, 0.128, 0.13850666666666667, 0.12607333333333334, 0.12029000000000001, 0.11845333333333335, 0.13993000000000003, 0.11254666666666666, 0.10814333333333333, 0.13289666666666664, 0.12476000000000001, 0.10659, 0.10315, 0.10357, 0.10925000000000001, 0.13424333333333333, 0.14080666666666666, 0.11641333333333331, 0.11302, 0.11641666666666665, 0.12159000000000002, 0.14392666666666667, 0.14154333333333335, 0.12945666666666666, 0.16007333333333335, 0.1427266666666667, 0.17899999999999996, 0.16432000000000002, 0.18762666666666666, 0.15129666666666666, 0.15677, 0.16108333333333333, 0.15465333333333336, 0.17425666666666664, 0.20468999999999998, 0.16333666666666663, 0.19757333333333335, 0.18088666666666667, 0.1890133333333333, 0.17946000000000004, 0.2030733333333333, 0.18733999999999995, 0.21965000000000004, 0.1858433333333333, 0.2204366666666667, 0.23229999999999998, 0.24159666666666668, 0.22395333333333334, 0.22116666666666665, 0.2392566666666667]}