{"test_accuracy": [0.95591, 0.9735133333333332, 0.9814366666666668, 0.9843333333333334, 0.9867066666666667, 0.9848166666666667, 0.9885766666666664, 0.9901666666666666, 0.9882366666666667, 0.9936366666666668, 0.9914299999999999, 0.9922166666666669, 0.9915933333333332, 0.9922166666666666, 0.9922166666666666, 0.9916899999999998, 0.9919833333333332, 0.9919933333333333, 0.9926933333333332, 0.9926566666666666, 0.9929300000000001, 0.9924966666666669, 0.9929733333333334, 0.9921066666666666, 0.99416, 0.9938300000000001, 0.9936666666666666, 0.9929566666666667, 0.9935466666666666, 0.99398, 0.9928400000000001, 0.9942033333333332, 0.9940333333333332, 0.9935000000000002, 0.9942566666666667, 0.9934366666666669, 0.9944066666666667, 0.9943366666666668, 0.9948366666666667, 0.9946466666666666, 0.9946899999999999, 0.99351, 0.9934199999999999, 0.9925333333333334, 0.9945099999999999, 0.9946066666666665, 0.9942866666666668, 0.9939666666666668, 0.99338, 0.9940133333333333, 0.9937333333333334, 0.9946433333333332, 0.9936633333333335, 0.9939366666666665, 0.9947999999999998, 0.9947866666666667, 0.9941700000000001, 0.9941000000000001, 0.9939699999999998, 0.9941033333333333], "test_loss": [0.49401, 0.25901, 0.1858633333333333, 0.17434, 0.14754333333333333, 0.14341999999999996, 0.12002666666666667, 0.10300666666666669, 0.11388333333333332, 0.09234, 0.11209333333333334, 0.10282999999999999, 0.10284000000000001, 0.09437666666666668, 0.10794333333333334, 0.09760333333333333, 0.11236, 0.10727666666666667, 0.09109666666666667, 0.10560666666666665, 0.11599666666666665, 0.11744666666666664, 0.10121666666666666, 0.12861, 0.10964999999999998, 0.11182333333333334, 0.12684333333333334, 0.11364333333333332, 0.11150666666666668, 0.11754, 0.14306333333333338, 0.10552000000000002, 0.10998666666666666, 0.13365, 0.12926, 0.14765, 0.12561, 0.13701333333333335, 0.14029333333333333, 0.13341333333333336, 0.13216666666666663, 0.16055333333333338, 0.16372, 0.16284000000000004, 0.14769666666666667, 0.14597, 0.16199999999999998, 0.17284666666666665, 0.2862666666666667, 0.18206666666666665, 0.18921666666666667, 0.1937033333333334, 0.2096633333333333, 0.18503000000000006, 0.20945, 0.19373333333333334, 0.21502, 0.21183999999999997, 0.22147000000000006, 0.24017666666666668]}