{"test_accuracy": [0.16675, 0.37949999999999995, 0.41775, 0.45999999999999996, 0.48441666666666655, 0.5220833333333333, 0.5436666666666666, 0.5753333333333333, 0.5935, 0.6157499999999999, 0.6210833333333332, 0.6327499999999999, 0.6558333333333334, 0.6636666666666666, 0.6692499999999999, 0.671, 0.6838333333333335, 0.6895, 0.7026666666666667, 0.7093333333333333, 0.7140833333333334, 0.7138333333333333, 0.7189166666666666, 0.7227499999999999, 0.7256666666666668, 0.7280833333333335, 0.736166666666667, 0.7376666666666665, 0.7419166666666668, 0.7399166666666666, 0.7449166666666668, 0.7418333333333335, 0.7458333333333333, 0.7483333333333332, 0.7479166666666666, 0.7508333333333332, 0.7535, 0.7588333333333334, 0.7524166666666668, 0.7579999999999999, 0.7596666666666667, 0.76125, 0.7655833333333333, 0.7648333333333334, 0.7595833333333334, 0.7666666666666664, 0.7665000000000001, 0.7685, 0.7657500000000002, 0.7689166666666668, 0.7677500000000002, 0.7673333333333333, 0.7672500000000001, 0.77275, 0.7708333333333335, 0.7656666666666666, 0.7722499999999999, 0.7722499999999998, 0.7745833333333334, 0.7756666666666666, 0.7779166666666666, 0.7733333333333333, 0.7775833333333334, 0.7705833333333334, 0.7724166666666665, 0.77125, 0.7781666666666668, 0.7868333333333334, 0.7791666666666667, 0.779, 0.7807499999999999, 0.7817500000000002, 0.7724999999999999, 0.7748333333333334, 0.7840833333333335, 0.7762499999999999, 0.7848333333333334, 0.7871666666666666, 0.7795000000000001, 0.777, 0.7848333333333333, 0.781, 0.7781666666666668, 0.78325, 0.7873333333333334, 0.7867500000000001, 0.7834166666666669, 0.7835, 0.7784166666666666, 0.7836666666666667, 0.7838333333333333, 0.7824166666666666, 0.7790833333333336, 0.78975, 0.7915833333333333, 0.7844166666666668, 0.7852499999999999, 0.7879166666666667, 0.7838333333333334, 0.7880833333333332], "test_loss": [8.99212, 7.409613333333332, 6.327709999999999, 6.04503, 5.69868, 5.337173333333334, 5.169090000000001, 4.922343333333335, 4.614413333333334, 4.394763333333333, 4.338143333333335, 4.251253333333334, 4.010906666666667, 3.8984233333333336, 3.7603666666666675, 3.77848, 3.6981200000000003, 3.5972799999999996, 3.441383333333334, 3.356576666666667, 3.32369, 3.2243199999999996, 3.283066666666666, 3.2026399999999997, 3.2265366666666675, 3.1722333333333332, 3.08527, 3.1539800000000002, 3.065226666666667, 3.0471733333333333, 2.9872233333333336, 2.93929, 2.9862666666666664, 2.9513699999999994, 2.965786666666667, 2.9286399999999997, 2.9436400000000003, 2.88521, 3.059826666666667, 2.8035033333333335, 2.8576366666666666, 2.856403333333333, 2.7347699999999997, 2.8706066666666676, 2.863746666666666, 2.8394566666666665, 2.8185466666666668, 2.9004733333333332, 2.8654033333333335, 2.809513333333333, 2.8064466666666665, 2.9959000000000002, 2.8690466666666667, 2.7617733333333336, 2.792346666666666, 2.9673633333333327, 2.8180700000000005, 2.7827033333333326, 2.885653333333333, 2.8158266666666667, 2.723333333333333, 2.8294633333333334, 2.917056666666667, 2.82718, 2.7950100000000004, 2.814246666666667, 2.8693566666666666, 2.6891566666666673, 2.7180533333333328, 2.68763, 2.904176666666666, 2.7894566666666663, 2.8654300000000004, 2.882986666666667, 2.6672466666666668, 2.9411266666666673, 2.63344, 2.7925, 2.92178, 2.895293333333334, 2.8526399999999996, 2.7902599999999995, 2.8762066666666666, 2.8695533333333336, 2.8121833333333326, 2.794826666666667, 2.878063333333334, 2.8084700000000007, 2.77849, 2.784286666666666, 3.0240833333333343, 2.9013433333333336, 2.8906599999999996, 2.9017299999999997, 2.732083333333334, 2.9478799999999996, 2.8804333333333343, 2.7924400000000005, 2.9054100000000007, 2.7848400000000004]}