{"test_accuracy": [0.7413333333333333, 0.7805000000000001, 0.8768333333333334, 0.9228333333333334, 0.9392499999999999, 0.9397500000000001, 0.9406666666666667, 0.9504166666666667, 0.9561666666666668, 0.9608333333333333, 0.9554166666666667, 0.9597500000000001, 0.9603333333333335, 0.9638333333333335, 0.96675, 0.9668333333333334, 0.9711666666666666, 0.97375, 0.97325, 0.9725, 0.9730833333333333, 0.9761666666666666, 0.9775833333333332, 0.9767499999999999, 0.9800833333333332, 0.9760833333333333, 0.9815000000000002, 0.9800833333333333, 0.9803333333333335, 0.9777500000000002, 0.9805, 0.9781666666666666, 0.9826666666666668, 0.9834166666666667, 0.9826666666666668, 0.9808333333333333, 0.9810000000000002, 0.9813333333333335, 0.9834999999999999, 0.9821666666666665, 0.9824166666666668, 0.9850833333333334, 0.9831666666666667, 0.9839166666666668, 0.9829166666666667, 0.9839166666666668, 0.9864999999999998, 0.98575, 0.9861666666666667, 0.9856666666666667, 0.9857499999999999, 0.9878333333333333, 0.9870833333333333, 0.9879166666666667, 0.9874166666666667, 0.9870000000000001, 0.989, 0.9865833333333335, 0.9871666666666669, 0.9883333333333334], "test_loss": [8.457756666666667, 6.589743333333332, 3.72323, 2.2960366666666663, 1.4322733333333333, 1.2855899999999998, 1.00662, 0.8440999999999999, 0.7376900000000001, 0.6379833333333333, 0.6059766666666667, 0.5972766666666666, 0.5245799999999999, 0.4952366666666667, 0.45089666666666667, 0.45135, 0.37465999999999994, 0.34637999999999997, 0.3815766666666666, 0.3484033333333334, 0.36117000000000005, 0.32710999999999996, 0.2905533333333334, 0.30076, 0.25902000000000003, 0.28975666666666666, 0.26497333333333334, 0.24661, 0.26469333333333334, 0.2502433333333333, 0.24189333333333327, 0.24889666666666663, 0.2344133333333333, 0.20293999999999998, 0.22489333333333333, 0.24477333333333334, 0.2535933333333334, 0.26277, 0.20830333333333334, 0.21884333333333333, 0.21353666666666665, 0.18580666666666665, 0.18046000000000004, 0.1787166666666666, 0.20275333333333334, 0.1924733333333333, 0.15332, 0.1746766666666667, 0.17640999999999998, 0.15719999999999998, 0.1669166666666667, 0.18261666666666668, 0.14151999999999998, 0.1483366666666667, 0.16305333333333333, 0.15666333333333335, 0.11899333333333333, 0.14060333333333333, 0.17032999999999998, 0.13614333333333334]}