{"test_accuracy": [0.5589999999999999, 0.7283333333333333, 0.8218333333333334, 0.8890833333333334, 0.9168333333333334, 0.9289999999999999, 0.9382500000000001, 0.9429166666666668, 0.9459166666666664, 0.9510833333333334, 0.9529166666666666, 0.95425, 0.9566666666666667, 0.9585000000000001, 0.9619833333333331, 0.9641533333333333, 0.96559, 0.9687733333333333, 0.9688566666666667, 0.9681000000000001, 0.9689233333333331, 0.9720833333333334, 0.9728533333333333, 0.9733733333333333, 0.9723200000000001, 0.9724699999999998, 0.97481, 0.9730600000000001, 0.9778966666666667, 0.9736100000000001, 0.9784666666666666, 0.9775733333333334, 0.9758600000000001, 0.98011, 0.9792833333333333, 0.9802466666666666, 0.98067, 0.9796233333333334, 0.9786766666666668, 0.9798399999999999, 0.98305, 0.9812066666666666, 0.9799566666666666, 0.9803700000000001, 0.98301, 0.9841399999999999, 0.98322, 0.98402, 0.9863200000000002, 0.9843333333333333, 0.98594, 0.9850066666666667, 0.9863233333333334, 0.9855033333333334, 0.9843433333333336, 0.9865, 0.9852700000000001, 0.9858233333333334, 0.9863166666666667, 0.98797], "test_loss": [8.610536666666667, 7.127539999999999, 4.682153333333333, 2.671743333333333, 2.034003333333333, 1.3743933333333334, 1.0360633333333333, 0.9516566666666668, 0.8379600000000001, 0.7040099999999999, 0.6319466666666667, 0.6564566666666667, 0.58474, 0.5175233333333334, 0.50697, 0.4810166666666666, 0.4448633333333333, 0.40303, 0.39452666666666664, 0.41708333333333336, 0.38131999999999994, 0.33293, 0.33934333333333344, 0.32919666666666664, 0.3399566666666667, 0.3312833333333333, 0.3266833333333333, 0.3126133333333333, 0.27299666666666667, 0.3094033333333333, 0.26502333333333333, 0.2727233333333333, 0.29289333333333334, 0.25031000000000003, 0.25228, 0.25349, 0.24096333333333333, 0.2500166666666666, 0.27040000000000003, 0.2645166666666666, 0.22825000000000004, 0.24021666666666666, 0.23534666666666668, 0.2551033333333333, 0.2745066666666666, 0.24503333333333327, 0.25588666666666665, 0.2601866666666667, 0.22153333333333333, 0.21753, 0.20248666666666668, 0.21260333333333337, 0.2046033333333333, 0.21728, 0.21844333333333335, 0.19696666666666665, 0.19829333333333335, 0.19777666666666668, 0.2031133333333333, 0.17858000000000002]}