{"test_accuracy": [0.37950000000000006, 0.48258333333333325, 0.7875833333333334, 0.8695833333333334, 0.9030000000000002, 0.91825, 0.9305833333333331, 0.9310833333333334, 0.9384999999999999, 0.9345833333333332, 0.9416666666666667, 0.9493333333333335, 0.9544166666666665, 0.9540833333333332, 0.9615299999999999, 0.9650700000000002, 0.9649866666666667, 0.9680166666666669, 0.96666, 0.9704300000000001, 0.9718600000000001, 0.9678766666666668, 0.9712566666666669, 0.9725366666666668, 0.9723100000000001, 0.9720066666666667, 0.9748000000000001, 0.9748866666666668, 0.9764666666666668, 0.97427, 0.97767, 0.9773466666666667, 0.9768633333333333, 0.9779366666666668, 0.9788266666666666, 0.9782100000000001, 0.9784933333333332, 0.9783533333333334, 0.9797866666666665, 0.9813666666666666, 0.9810166666666669, 0.9805300000000002, 0.9804133333333335, 0.9819033333333334, 0.9804200000000001, 0.9815833333333334, 0.9818099999999998, 0.9811966666666666, 0.9832466666666666, 0.9831233333333335, 0.9836199999999999, 0.98585, 0.9852866666666668, 0.98442, 0.9849333333333331, 0.9863966666666666, 0.9839900000000003, 0.9848666666666668, 0.9865133333333335, 0.9845966666666667], "test_loss": [9.008843333333335, 7.788309999999998, 6.220373333333333, 3.3883766666666664, 2.2956100000000004, 1.6784699999999997, 1.32222, 1.11931, 0.9918600000000001, 0.8761833333333334, 0.8455999999999999, 0.7381200000000001, 0.6456599999999999, 0.6008999999999999, 0.5338133333333334, 0.5062133333333334, 0.4709400000000001, 0.44808, 0.4284966666666667, 0.40917333333333333, 0.38479, 0.40360999999999997, 0.36645, 0.3630233333333333, 0.3413000000000001, 0.3439033333333333, 0.32923, 0.3072633333333334, 0.3062966666666666, 0.3080533333333334, 0.28906333333333334, 0.2766166666666667, 0.28113, 0.25976999999999995, 0.26452666666666663, 0.2703933333333334, 0.25626333333333334, 0.2591633333333333, 0.2546066666666667, 0.22298333333333334, 0.23317666666666667, 0.23440666666666662, 0.2274333333333333, 0.22132666666666664, 0.2925133333333333, 0.28341333333333335, 0.25325333333333333, 0.2852133333333333, 0.24425333333333335, 0.24667666666666668, 0.24329666666666666, 0.2129533333333333, 0.21034666666666668, 0.22373666666666664, 0.2184066666666667, 0.21836, 0.23196333333333335, 0.2064633333333333, 0.16506666666666667, 0.2085133333333333]}