{"test_accuracy": [0.36189333333333334, 0.45584333333333327, 0.5173666666666666, 0.55865, 0.5907666666666667, 0.60523, 0.6313666666666667, 0.6413833333333334, 0.6588966666666666, 0.6730333333333332, 0.6905366666666666, 0.6994266666666668, 0.69938, 0.7156766666666668, 0.7205566666666667, 0.7214066666666666, 0.72739, 0.7285266666666668, 0.73574, 0.7374733333333334, 0.7354300000000001, 0.7445066666666668, 0.751, 0.7566600000000001, 0.7516833333333334, 0.7584633333333334, 0.7606433333333334, 0.7587533333333334, 0.7694266666666665, 0.76333, 0.7607633333333333, 0.7749933333333333, 0.7691333333333331, 0.7621866666666666, 0.7732633333333333, 0.7678533333333332, 0.7729366666666666, 0.7755, 0.7785166666666669, 0.7803866666666667, 0.77471, 0.7838333333333334, 0.77831, 0.7858166666666666, 0.7830099999999999, 0.7828466666666667, 0.7863433333333334, 0.7877266666666665, 0.7893199999999999, 0.7853899999999998, 0.7846066666666668, 0.7866166666666666, 0.7932633333333333, 0.7870933333333333, 0.7915566666666667, 0.7831133333333333, 0.7919433333333331, 0.7961499999999998, 0.7909266666666667, 0.7933433333333333], "test_loss": [6.794179999999999, 5.485683333333333, 4.95084, 4.543883333333334, 4.263453333333333, 4.07149, 3.853596666666667, 3.6925066666666666, 3.564826666666667, 3.6325999999999996, 3.564126666666666, 3.497993333333334, 3.3972833333333337, 3.2793500000000004, 3.2485266666666672, 3.158646666666667, 3.220193333333333, 3.1757833333333334, 3.098743333333333, 3.373013333333333, 3.3233599999999996, 3.311583333333333, 3.1206400000000003, 3.2120433333333334, 3.20529, 3.0913966666666663, 3.0557000000000007, 3.11365, 3.0611633333333335, 3.2677799999999997, 3.3430999999999997, 3.2576933333333336, 3.2833199999999994, 3.2873833333333327, 3.2454566666666667, 3.2122300000000004, 3.174353333333334, 3.2431033333333343, 3.135173333333334, 3.44525, 3.4977733333333334, 3.3715633333333335, 3.458333333333334, 3.3798500000000002, 3.414943333333333, 3.39808, 3.403413333333333, 3.454353333333333, 3.416423333333334, 3.7456833333333335, 3.828526666666667, 3.7620833333333334, 3.883083333333333, 3.878053333333334, 3.8015066666666666, 3.8978066666666678, 3.897346666666667, 3.7675766666666672, 3.8609799999999996, 4.0604499999999994]}