{"test_accuracy": [0.3651666666666666, 0.43025, 0.4856666666666667, 0.5214166666666665, 0.5490833333333334, 0.5715833333333332, 0.5963333333333334, 0.61225, 0.6295000000000001, 0.6483300000000001, 0.6599133333333335, 0.6715299999999998, 0.6790866666666665, 0.6904133333333332, 0.6898866666666668, 0.70257, 0.7027866666666666, 0.7149133333333332, 0.7249533333333332, 0.7208966666666666, 0.7387799999999998, 0.7315800000000002, 0.7415333333333334, 0.7357933333333334, 0.7392866666666665, 0.7486866666666666, 0.7472533333333333, 0.7547466666666669, 0.7481200000000001, 0.76171, 0.7523933333333334, 0.7634566666666666, 0.7583733333333332, 0.7558966666666668, 0.7640333333333333, 0.7683300000000001, 0.7661033333333334, 0.7702466666666666, 0.7744133333333333, 0.7784400000000001, 0.7760800000000001, 0.7716533333333333, 0.7761766666666668, 0.7804966666666666, 0.7772166666666667, 0.7730633333333334, 0.7826299999999999, 0.7803333333333333, 0.7809866666666665, 0.7802400000000003, 0.7788, 0.7832433333333333, 0.7814233333333332, 0.78771, 0.7859633333333333, 0.7841500000000001, 0.7872200000000001, 0.7871566666666667, 0.7882200000000001, 0.78648], "test_loss": [7.1584699999999994, 6.292183333333333, 5.818973333333333, 5.408013333333332, 5.143276666666667, 4.83191, 4.544233333333333, 4.406913333333334, 4.208593333333333, 4.077223333333333, 3.9576966666666666, 3.8331966666666664, 3.705233333333333, 3.6036433333333333, 3.5688333333333326, 3.4383400000000006, 3.4397766666666665, 3.317756666666667, 3.2388299999999997, 3.2611499999999998, 3.0872200000000003, 3.1247733333333327, 3.0176933333333333, 3.0650999999999993, 3.0831433333333336, 2.928746666666667, 2.9792499999999995, 2.9308666666666663, 2.974466666666666, 3.538156666666666, 3.6726, 3.508506666666667, 3.5744066666666665, 3.609343333333334, 3.4552333333333336, 3.502886666666667, 3.5136266666666667, 3.490743333333333, 3.3460766666666664, 3.3311766666666665, 3.3348733333333342, 3.451736666666667, 3.4213700000000005, 3.3470266666666664, 3.4382499999999996, 3.4200766666666667, 3.3354, 3.3322100000000003, 3.3877466666666667, 4.024123333333334, 4.1194299999999995, 3.9911633333333336, 4.266166666666668, 4.0562933333333335, 4.131573333333333, 4.002820000000001, 3.977723333333334, 3.8810900000000004, 3.9203033333333335, 4.019923333333333]}