{"test_accuracy": [0.20408333333333334, 0.2435, 0.2901666666666667, 0.3350833333333334, 0.35325, 0.36775, 0.385, 0.4106666666666667, 0.4074166666666667, 0.4576433333333333, 0.47344666666666674, 0.48556666666666654, 0.5001433333333332, 0.5016533333333333, 0.5207433333333334, 0.5412966666666666, 0.5316266666666666, 0.5543599999999999, 0.5471633333333333, 0.5602333333333334, 0.5698433333333334, 0.5809233333333333, 0.5818966666666666, 0.5904533333333333, 0.5871866666666669, 0.5988400000000001, 0.6052366666666665, 0.6038666666666667, 0.60904, 0.5904000000000001, 0.6016666666666667, 0.6153466666666667, 0.6194199999999999, 0.62104, 0.6309066666666667, 0.6297999999999999, 0.6366433333333334, 0.6414933333333331, 0.6418633333333335, 0.6344166666666667, 0.6323133333333334, 0.64167, 0.64053, 0.6544, 0.65051, 0.65635, 0.6602633333333334, 0.6595099999999998, 0.6590166666666667, 0.6677866666666669, 0.67413, 0.67255, 0.6818866666666668, 0.6897833333333334, 0.68112, 0.68853, 0.6909866666666666, 0.69057, 0.6949366666666666, 0.69271], "test_loss": [8.963676666666666, 8.334026666666666, 7.878363333333334, 7.524526666666665, 7.27372, 7.0587566666666675, 6.991090000000001, 6.766033333333334, 6.623866666666667, 6.278616666666666, 6.097273333333334, 5.994573333333333, 5.849129999999999, 5.749439999999999, 5.6061299999999985, 5.418453333333334, 5.429733333333333, 5.26182, 5.261616666666667, 5.14273, 5.0690599999999995, 4.94737, 4.91457, 4.81371, 4.821506666666666, 4.664276666666666, 4.667836666666665, 4.6045266666666675, 4.570553333333333, 5.9452799999999995, 5.748736666666668, 5.5899866666666655, 5.49187, 5.384253333333334, 5.382373333333334, 5.369473333333334, 5.168400000000001, 5.183956666666666, 5.1738100000000005, 5.29852, 5.256043333333333, 5.076536666666667, 5.058300000000002, 4.989796666666667, 4.945946666666668, 4.94317, 4.83834, 4.832790000000001, 4.7875266666666665, 5.694453333333334, 5.587263333333334, 5.657843333333333, 5.5906199999999995, 5.311266666666666, 5.484736666666666, 5.2860233333333335, 5.289126666666666, 5.3574633333333335, 5.148176666666666, 5.301336666666667]}