{"test_accuracy": [0.10066666666666665, 0.1295, 0.10450000000000001, 0.10908333333333334, 0.12391666666666667, 0.13083333333333333, 0.11558333333333334, 0.12858333333333333, 0.12200000000000001, 0.13268666666666667, 0.12613666666666667, 0.12226333333333333, 0.10668999999999998, 0.12877333333333332, 0.16443, 0.11736666666666666, 0.13106666666666666, 0.1215, 0.17311333333333334, 0.13897333333333334, 0.1313, 0.15294666666666668, 0.14822666666666667, 0.1570966666666667, 0.15738333333333332, 0.1653766666666667, 0.15698333333333334, 0.14818666666666672, 0.17108666666666666, 0.23244333333333334, 0.28384000000000004, 0.3308466666666667, 0.34179333333333334, 0.3613633333333333, 0.37424, 0.38482, 0.4071433333333333, 0.42203666666666667, 0.4254333333333333, 0.42851000000000006, 0.45042000000000004, 0.4580033333333333, 0.46989666666666674, 0.4977599999999999, 0.5133166666666668, 0.5205633333333333, 0.53521, 0.5416866666666668, 0.5498799999999999, 0.5712999999999998, 0.5702999999999999, 0.5735366666666668, 0.5900166666666666, 0.5958466666666666, 0.6100033333333333, 0.6162833333333334, 0.6191100000000002, 0.6232500000000001, 0.6310533333333332, 0.6374466666666666], "test_loss": [9.455356666666665, 9.248026666666668, 9.19877, 9.295323333333334, 9.44389, 9.802876666666666, 10.906650000000003, 12.206439999999999, 10.620250000000002, 10.765236666666665, 9.783929999999998, 9.297863333333334, 10.030246666666667, 10.167186666666668, 10.810350000000001, 10.369423333333334, 10.198266666666667, 9.739139999999999, 9.578486666666667, 9.617970000000001, 9.977536666666667, 9.656203333333334, 9.656236666666668, 9.373866666666666, 9.464216666666664, 9.549039999999998, 9.417526666666669, 9.3582, 9.491706666666664, 10.749733333333332, 10.193103333333331, 9.666596666666665, 9.340493333333333, 9.04885, 8.864389999999998, 8.686749999999998, 8.535533333333335, 8.31628, 8.199819999999999, 8.184503333333334, 7.854823333333333, 7.681003333333333, 7.4089133333333335, 7.116263333333334, 6.9256866666666665, 6.751523333333332, 6.626163333333333, 6.51739, 6.405613333333334, 7.463003333333333, 7.357119999999999, 7.170859999999999, 6.973069999999999, 6.818343333333334, 6.614773333333333, 6.575663333333334, 6.452346666666667, 6.395116666666667, 6.35734, 6.24494]}