{"test_accuracy": [0.9604866666666666, 0.9791333333333335, 0.98137, 0.9844166666666667, 0.98426, 0.9870833333333333, 0.9888066666666667, 0.9884666666666667, 0.99088, 0.9907333333333332, 0.9894966666666668, 0.9905466666666668, 0.9910766666666667, 0.9919566666666666, 0.9913366666666666, 0.9923133333333334, 0.9920966666666667, 0.9916733333333333, 0.9927500000000001, 0.9917766666666666, 0.9930033333333331, 0.9937766666666668, 0.9929666666666666, 0.9941633333333333, 0.9946733333333334, 0.9924700000000001, 0.9941433333333334, 0.9923433333333335, 0.9909566666666667, 0.9934233333333335, 0.9928466666666668, 0.9929499999999999, 0.99426, 0.9945533333333333, 0.9928433333333334, 0.9902966666666665, 0.9914033333333333, 0.9930066666666666, 0.9924699999999999, 0.9937233333333334, 0.9941433333333334, 0.9962833333333333, 0.9939899999999999, 0.9941233333333332, 0.9939700000000001, 0.9926466666666668, 0.9937299999999999, 0.9945266666666667, 0.9921566666666667, 0.9948066666666667, 0.9956399999999999, 0.9925933333333333, 0.9942166666666667, 0.9946766666666668, 0.9944066666666665, 0.9941666666666668, 0.9926133333333335, 0.99297, 0.9947800000000001, 0.9928166666666666], "test_loss": [0.5073199999999999, 0.2502866666666666, 0.18989, 0.16412333333333332, 0.16904333333333338, 0.14254, 0.13609333333333332, 0.13393333333333332, 0.10864999999999998, 0.10338666666666665, 0.09546666666666666, 0.10824666666666666, 0.09294666666666666, 0.09368, 0.10243000000000001, 0.10370666666666666, 0.08757999999999999, 0.09672666666666664, 0.09679, 0.0856, 0.08927666666666667, 0.0847, 0.08723, 0.07452666666666666, 0.07267, 0.08295000000000001, 0.08990000000000001, 0.08981, 0.07029, 0.07626666666666666, 0.07324333333333333, 0.10205999999999998, 0.06566999999999999, 0.054810000000000005, 0.08903666666666667, 0.10923333333333332, 0.07673333333333332, 0.09089666666666668, 0.10224666666666667, 0.08570333333333334, 0.07795666666666666, 0.04808666666666666, 0.06683, 0.08802666666666666, 0.09217666666666667, 0.07460333333333333, 0.0938033333333333, 0.07252999999999998, 0.07599666666666668, 0.07414666666666665, 0.07049666666666668, 0.10242000000000001, 0.05915666666666667, 0.07416000000000002, 0.08169000000000001, 0.06527666666666666, 0.08818, 0.08321666666666666, 0.06198, 0.09427666666666666]}