{"test_accuracy": [0.9571566666666665, 0.9743333333333334, 0.9788966666666667, 0.9835633333333332, 0.9847733333333333, 0.9845766666666668, 0.9852233333333333, 0.9864466666666665, 0.9848933333333336, 0.9859866666666667, 0.98577, 0.9853533333333334, 0.9862466666666665, 0.9889399999999998, 0.9881800000000001, 0.9886166666666666, 0.9902133333333334, 0.9894166666666667, 0.99154, 0.9907, 0.9918333333333333, 0.9924599999999999, 0.9926833333333333, 0.9927133333333333, 0.9918599999999999, 0.9942766666666666, 0.9909266666666667, 0.9923400000000001, 0.9930066666666666, 0.9924466666666666, 0.9926033333333333, 0.9934566666666668, 0.9922966666666667, 0.9932399999999999, 0.9929133333333333, 0.9943133333333332, 0.9923066666666667, 0.9931399999999999, 0.9929333333333333, 0.9927066666666667, 0.99346, 0.99227, 0.9915866666666667, 0.9918966666666669, 0.9918, 0.9936833333333335, 0.9924133333333335, 0.9933666666666667, 0.9936633333333333, 0.9933499999999998, 0.9920700000000001, 0.9926566666666666, 0.9939266666666665, 0.9918533333333334, 0.9926466666666667, 0.9931933333333334, 0.9918766666666669, 0.9937266666666669, 0.9932266666666667, 0.9935200000000001], "test_loss": [1.2306566666666667, 0.41491666666666666, 0.3382100000000001, 0.28912666666666664, 0.25599, 0.24702, 0.25051666666666667, 0.23615666666666663, 0.24173666666666666, 0.23061666666666666, 0.22679666666666665, 0.16728666666666664, 0.18265666666666672, 0.12174666666666667, 0.13876666666666665, 0.12789333333333333, 0.16267666666666666, 0.10019333333333331, 0.11480666666666668, 0.11898333333333332, 0.12023666666666667, 0.12147666666666668, 0.09534333333333332, 0.11231333333333332, 0.09967000000000001, 0.08228666666666666, 0.12583999999999998, 0.11820666666666667, 0.09987333333333331, 0.10566000000000002, 0.10420333333333334, 0.09385333333333332, 0.09972999999999997, 0.08634000000000001, 0.08511666666666667, 0.0907366666666667, 0.1056633333333333, 0.09847666666666664, 0.09428999999999998, 0.1507233333333333, 0.11517333333333334, 0.12326666666666665, 0.11804666666666667, 0.10711333333333334, 0.12410666666666668, 0.09426666666666668, 0.12226666666666666, 0.10072666666666666, 0.09299666666666664, 0.11415, 0.12602, 0.10076333333333333, 0.09013999999999998, 0.14145333333333335, 0.1222, 0.13724333333333333, 0.11337333333333334, 0.12638999999999997, 0.11968666666666666, 0.1226]}