{"test_accuracy": [0.9634433333333333, 0.9737666666666667, 0.9811266666666668, 0.9839966666666667, 0.9859733333333333, 0.98855, 0.98679, 0.9875066666666666, 0.9892999999999998, 0.993436666666667, 0.9906033333333333, 0.98963, 0.9909333333333336, 0.9901033333333333, 0.9917466666666669, 0.9923866666666668, 0.9915833333333334, 0.9912133333333334, 0.9937166666666667, 0.9923166666666668, 0.9904033333333333, 0.9931300000000001, 0.9906766666666663, 0.9922799999999999, 0.9939699999999999, 0.99127, 0.9921966666666667, 0.9924766666666667, 0.9935299999999999, 0.9914733333333334, 0.99331, 0.9923533333333334, 0.9932133333333334, 0.99375, 0.9910766666666666, 0.9943133333333332, 0.9930033333333335, 0.9940866666666666, 0.9937100000000002, 0.9938633333333333, 0.9933466666666667, 0.99406, 0.9926699999999999, 0.9942133333333333, 0.9935733333333334, 0.9933966666666668, 0.9935433333333333, 0.9940066666666668, 0.9941900000000001, 0.9935833333333334, 0.99465, 0.9941866666666669, 0.9938300000000001, 0.9936699999999999, 0.9936766666666668, 0.9943299999999999, 0.9942000000000001, 0.9949766666666665, 0.99454, 0.9947400000000001], "test_loss": [0.4995566666666667, 0.28134333333333333, 0.19375, 0.17697333333333332, 0.13294, 0.1421666666666667, 0.11699666666666667, 0.13251333333333332, 0.12243333333333334, 0.08603333333333335, 0.1147, 0.10725333333333335, 0.09860333333333333, 0.10284000000000001, 0.09629666666666667, 0.12022, 0.09575666666666666, 0.08583333333333334, 0.08717, 0.09472666666666665, 0.12010666666666665, 0.09245333333333332, 0.11001666666666667, 0.09486666666666665, 0.08602666666666667, 0.1057, 0.11348333333333334, 0.10344333333333333, 0.11028333333333334, 0.11838333333333333, 0.09835000000000002, 0.10797333333333332, 0.10989, 0.07558000000000002, 0.11299333333333332, 0.09009666666666667, 0.09660000000000002, 0.08820666666666668, 0.09898333333333334, 0.09629, 0.11229333333333331, 0.09161333333333334, 0.10906666666666666, 0.10210333333333337, 0.10622333333333332, 0.12408, 0.10269666666666667, 0.09669333333333333, 0.09974333333333332, 0.13086, 0.12157333333333332, 0.12034333333333332, 0.11011333333333333, 0.11215666666666665, 0.11865666666666666, 0.11129666666666667, 0.12613, 0.10087666666666666, 0.11840999999999999, 0.12489333333333333]}