{"test_accuracy": [0.9669100000000002, 0.9745000000000003, 0.9812600000000001, 0.9812166666666666, 0.9866933333333333, 0.9875399999999999, 0.9869599999999998, 0.9887266666666666, 0.9869533333333332, 0.9869666666666668, 0.9881099999999999, 0.9914633333333334, 0.9904933333333334, 0.9906766666666666, 0.98954, 0.9909866666666666, 0.9902633333333334, 0.99185, 0.9919700000000001, 0.9917766666666665, 0.9922099999999999, 0.9926333333333333, 0.9873666666666665, 0.9907133333333333, 0.9914433333333332, 0.9921166666666664, 0.9920433333333332, 0.9932, 0.9923166666666667, 0.9930766666666668, 0.9925133333333332, 0.9928066666666666, 0.9929233333333334, 0.99375, 0.9923066666666666, 0.9916066666666666, 0.9933566666666668, 0.9930266666666668, 0.9929466666666665, 0.9932900000000001, 0.9935133333333334, 0.9939933333333334, 0.9931233333333334, 0.9946066666666666, 0.9928533333333334, 0.9933999999999998, 0.9927900000000001, 0.9937733333333334, 0.9934100000000001, 0.9924533333333334, 0.9939266666666667, 0.9925066666666666, 0.9940300000000001, 0.9937933333333333, 0.99367, 0.9937366666666666, 0.9940566666666667, 0.9930066666666667, 0.9942766666666666, 0.9943033333333332], "test_loss": [0.48333333333333334, 0.2632933333333333, 0.18996666666666667, 0.15676666666666664, 0.1422633333333333, 0.16310333333333332, 0.11926333333333332, 0.11858333333333333, 0.13459000000000004, 0.14154333333333335, 0.14125, 0.11503, 0.11151, 0.09634999999999999, 0.10170666666666665, 0.09698666666666668, 0.09809666666666667, 0.11711333333333333, 0.10661000000000002, 0.10518666666666668, 0.09802333333333332, 0.08149, 0.17648666666666665, 0.12470333333333335, 0.10680333333333333, 0.09687666666666668, 0.10365333333333336, 0.10658666666666666, 0.09516333333333332, 0.09210333333333333, 0.09664, 0.11985333333333333, 0.12126000000000002, 0.08996666666666668, 0.10935666666666667, 0.11013, 0.09412999999999999, 0.12247666666666665, 0.10341666666666667, 0.10928333333333333, 0.10239999999999999, 0.10401333333333333, 0.10796666666666667, 0.09966666666666664, 0.13959333333333335, 0.14513333333333336, 0.11510333333333334, 0.1005133333333333, 0.11649000000000001, 0.13748333333333335, 0.11951666666666666, 0.13777, 0.1250466666666667, 0.12087333333333333, 0.11826333333333335, 0.14804, 0.10940666666666665, 0.14469666666666667, 0.12254999999999999, 0.12794333333333335]}