{"test_accuracy": [0.9556333333333332, 0.9744233333333334, 0.9789199999999999, 0.98226, 0.9817866666666667, 0.9848366666666667, 0.9871066666666668, 0.9878066666666668, 0.9900466666666667, 0.98887, 0.9908766666666667, 0.9918966666666666, 0.99145, 0.9912733333333333, 0.9899933333333334, 0.9914533333333334, 0.9909499999999999, 0.9913566666666666, 0.9897133333333333, 0.99389, 0.9936633333333333, 0.9936, 0.9920666666666665, 0.9932866666666667, 0.9912566666666667, 0.99022, 0.9925566666666668, 0.99223, 0.9940933333333333, 0.9931333333333332, 0.9935466666666667, 0.9939466666666665, 0.9925466666666665, 0.9932633333333334, 0.9924966666666667, 0.99304, 0.9935233333333334, 0.9926133333333333, 0.9931266666666666, 0.9923333333333335, 0.99518, 0.9932233333333333, 0.9934166666666666, 0.9933000000000001, 0.9924366666666665, 0.9926133333333332, 0.9925866666666667, 0.9928766666666665, 0.9935133333333332, 0.9944933333333333, 0.9926766666666668, 0.9938633333333333, 0.9918833333333333, 0.9934466666666667, 0.9926233333333332, 0.9936433333333334, 0.9927066666666666, 0.9936899999999999, 0.9928966666666666, 0.9938333333333333], "test_loss": [0.6713199999999998, 0.27349333333333337, 0.2278133333333333, 0.19930333333333333, 0.17826, 0.17267666666666664, 0.16350333333333333, 0.14158, 0.11172333333333334, 0.12784666666666666, 0.10656000000000002, 0.09009000000000002, 0.10377666666666667, 0.10586333333333334, 0.11857333333333334, 0.10573, 0.10606999999999998, 0.10250333333333334, 0.09976000000000003, 0.08694666666666667, 0.09092333333333331, 0.09316333333333333, 0.09880666666666665, 0.09745, 0.10257999999999999, 0.12979, 0.10976333333333334, 0.09902666666666667, 0.08130333333333332, 0.12565, 0.11096666666666666, 0.1208, 0.09008333333333333, 0.09652666666666668, 0.10419, 0.11022666666666667, 0.09598, 0.09645333333333334, 0.09350666666666668, 0.11765999999999997, 0.07354333333333334, 0.10323999999999998, 0.07843, 0.09105666666666665, 0.10359999999999998, 0.09778, 0.09984333333333333, 0.09393999999999998, 0.09402666666666666, 0.10185666666666668, 0.09818, 0.08884666666666666, 0.10271666666666666, 0.11939666666666666, 0.11404666666666666, 0.1080533333333333, 0.11838999999999998, 0.10293333333333334, 0.09393999999999998, 0.12269999999999998]}