{"test_accuracy": [0.53225, 0.1, 0.1, 0.1, 0.10425, 0.34299999999999997, 0.10225, 0.2825, 0.1795, 0.10158333333333332, 0.27958333333333335, 0.22883333333333333, 0.4545, 0.2578333333333333, 0.3650300000000001, 0.35153, 0.46921333333333337, 0.22909333333333332, 0.2378333333333333, 0.2310033333333333, 0.42889333333333324, 0.6366833333333334, 0.5994400000000001, 0.6196633333333332, 0.30577000000000004, 0.36023999999999995, 0.3661433333333333, 0.5736333333333332, 0.6326533333333333, 0.6643866666666667, 0.5311066666666667, 0.28974666666666665, 0.3989466666666666, 0.5742666666666667, 0.7810199999999999, 0.8058566666666667, 0.7790999999999999, 0.5841900000000001, 0.3604066666666666, 0.40041666666666664, 0.6612799999999999, 0.7546566666666669, 0.7936566666666667, 0.7265566666666667, 0.6926433333333333, 0.8246633333333332, 0.8817966666666667, 0.8823533333333333, 0.90637, 0.9048100000000001, 0.9184133333333333, 0.91667, 0.9259666666666668, 0.9294133333333333, 0.93703, 0.9381766666666667, 0.9416466666666669, 0.9441266666666668, 0.94542, 0.9468700000000001], "test_loss": [8.747436666666667, 9.257946666666667, 10.073310000000001, 11.23192, 9.437586666666666, 9.456066666666667, 8.82216, 9.063496666666667, 9.199546666666667, 9.477223333333335, 8.970896666666667, 8.372119999999999, 8.039660000000001, 8.223906666666666, 8.807143333333332, 8.015919999999998, 7.194803333333334, 8.180606666666666, 10.870236666666665, 10.118200000000002, 8.530643333333332, 7.478313333333333, 6.729053333333334, 6.362473333333335, 8.44512, 12.083046666666668, 8.101899999999999, 6.733833333333335, 5.364149999999999, 4.929556666666667, 6.193113333333334, 10.335320000000003, 7.2524466666666685, 5.53968, 3.87646, 3.1328300000000002, 3.0004533333333336, 4.6131, 11.063463333333337, 6.644809999999998, 4.366700000000001, 3.444916666666666, 2.8971766666666667, 3.0985266666666664, 4.3898366666666675, 2.9692466666666664, 2.2921233333333335, 2.04044, 1.7267000000000001, 1.6138933333333334, 1.4854333333333334, 1.3726100000000003, 1.2530299999999999, 1.2288066666666668, 1.0981133333333335, 1.02751, 0.9679766666666667, 0.9419500000000003, 0.8878633333333334, 0.8644466666666665]}