{"test_accuracy": [0.174, 0.1, 0.2394166666666667, 0.25399999999999995, 0.24366666666666664, 0.18283333333333335, 0.3115833333333333, 0.43816666666666676, 0.5739166666666667, 0.3719166666666666, 0.5269166666666666, 0.5298333333333333, 0.6493333333333333, 0.5554166666666666, 0.5555900000000001, 0.5362933333333334, 0.6840166666666666, 0.7829133333333335, 0.6416333333333334, 0.5678833333333334, 0.5035233333333333, 0.75645, 0.8455466666666663, 0.8786866666666667, 0.8191433333333332, 0.7631633333333333, 0.6747033333333332, 0.6921633333333332, 0.8416066666666668, 0.88841, 0.8978099999999998, 0.8543, 0.7648, 0.7051033333333334, 0.7011133333333335, 0.7912000000000001, 0.9076633333333333, 0.91133, 0.9081266666666666, 0.8732566666666667, 0.8162866666666666, 0.77521, 0.8101099999999999, 0.9080566666666667, 0.9330066666666668, 0.9426233333333334, 0.9452400000000001, 0.9446133333333334, 0.9465733333333332, 0.9514733333333333, 0.9541066666666667, 0.9525333333333333, 0.9577833333333333, 0.9581433333333335, 0.96013, 0.9605366666666666, 0.9591533333333334, 0.9616066666666666, 0.9628999999999999, 0.9689033333333333], "test_loss": [8.940153333333335, 11.73692, 12.715456666666665, 9.132203333333333, 10.018186666666667, 9.251636666666665, 8.19285, 7.574716666666665, 7.091606666666666, 6.918483333333333, 7.622960000000001, 6.4178799999999985, 5.610006666666667, 5.415416666666668, 5.81519, 5.587383333333334, 4.179753333333333, 3.234833333333333, 3.99033, 6.236533333333333, 5.544043333333333, 3.4812466666666664, 2.408136666666667, 2.019563333333333, 2.1133333333333333, 2.800600000000001, 5.674103333333334, 3.6348466666666672, 2.25768, 1.6771866666666666, 1.5368466666666665, 1.70321, 2.499683333333333, 3.9442, 4.4303300000000005, 2.406076666666667, 1.4732899999999998, 1.3200466666666666, 1.2512633333333334, 1.5943633333333331, 2.0386699999999998, 4.326743333333334, 2.289063333333333, 1.4194733333333334, 1.2394433333333335, 1.0558233333333333, 0.9683266666666667, 0.9126633333333334, 0.8236500000000001, 0.8069399999999999, 0.7478266666666665, 0.7245033333333334, 0.6579966666666668, 0.6279899999999999, 0.6007666666666668, 0.5842166666666666, 0.6001133333333332, 0.58496, 0.55559, 0.4790266666666667]}