{"test_accuracy": [0.5730833333333333, 0.65475, 0.8220000000000002, 0.9146666666666666, 0.9267500000000001, 0.94175, 0.94975, 0.9552499999999999, 0.9563333333333334, 0.9603333333333333, 0.9657499999999999, 0.9658333333333332, 0.9691666666666666, 0.9700833333333333, 0.9690833333333333, 0.9732500000000001, 0.9683333333333334, 0.9708333333333334, 0.9749166666666665, 0.9755000000000001, 0.9755833333333334, 0.9745833333333334, 0.97725, 0.9752500000000001, 0.9752500000000001, 0.9780833333333333, 0.9793333333333334, 0.9791666666666664, 0.982, 0.9802500000000001, 0.9764999999999999, 0.9810833333333335, 0.9822500000000001, 0.9795, 0.9804166666666667, 0.9803333333333335, 0.9826666666666666, 0.9804166666666668, 0.9811666666666666, 0.9818333333333334, 0.9817499999999999, 0.9818333333333332, 0.9830833333333333, 0.9833333333333335, 0.9846666666666668, 0.9850000000000001, 0.9836666666666667, 0.9854166666666665, 0.9829166666666667, 0.9827499999999999, 0.9835, 0.9834166666666667, 0.9841666666666666, 0.9843333333333335, 0.9864166666666666, 0.9859166666666666, 0.9846666666666668, 0.9871666666666669, 0.9873333333333333, 0.9876666666666666, 0.9853333333333333, 0.9882500000000001, 0.9859166666666667, 0.9857500000000001, 0.9849166666666666, 0.9861666666666667, 0.9875833333333333, 0.9875, 0.9855833333333333, 0.9865833333333334, 0.9864166666666666, 0.9880833333333333, 0.9863333333333333, 0.9881666666666666, 0.9885, 0.9873333333333333, 0.9873333333333335, 0.98775, 0.9870833333333333, 0.9886666666666665, 0.9884999999999999, 0.9884166666666666, 0.9888333333333333, 0.9882500000000001, 0.9871666666666667, 0.9893333333333332, 0.9899166666666667, 0.9893333333333332, 0.9890833333333334, 0.98775, 0.9899999999999999, 0.9890833333333332, 0.9888333333333333, 0.9884999999999999, 0.9880833333333334, 0.9888333333333333, 0.9901666666666668, 0.9885, 0.99075, 0.9885000000000002], "test_loss": [8.718486666666667, 7.62626, 4.781386666666667, 2.2332300000000003, 1.9971333333333334, 1.2104733333333333, 0.9152833333333333, 0.71839, 0.6340166666666668, 0.5512033333333334, 0.51564, 0.4604633333333333, 0.42610666666666663, 0.3932266666666668, 0.39491000000000004, 0.38487666666666664, 0.3784233333333334, 0.3814666666666667, 0.3168833333333333, 0.3117666666666667, 0.3186566666666666, 0.30295999999999995, 0.28511000000000003, 0.28531, 0.2644566666666667, 0.24316666666666667, 0.2606033333333334, 0.24562666666666672, 0.21663666666666664, 0.22102333333333338, 0.26267666666666667, 0.24119, 0.19732999999999995, 0.25564, 0.19872333333333334, 0.23656999999999995, 0.19048999999999996, 0.20936333333333332, 0.19368333333333332, 0.21079666666666663, 0.18502333333333335, 0.17940000000000003, 0.19559333333333337, 0.20179666666666665, 0.17579000000000003, 0.15093666666666664, 0.17622666666666667, 0.17952333333333337, 0.19769, 0.16842, 0.16078666666666666, 0.16733666666666672, 0.19118666666666667, 0.1738, 0.17519666666666664, 0.17490666666666665, 0.22377, 0.15320333333333333, 0.17966666666666667, 0.15050666666666665, 0.15877999999999998, 0.16130000000000003, 0.15272, 0.1598433333333333, 0.16833666666666663, 0.18357333333333328, 0.14726333333333336, 0.14081666666666667, 0.16249666666666665, 0.15984333333333337, 0.15251666666666666, 0.14877333333333334, 0.15617333333333333, 0.16729333333333332, 0.13641333333333333, 0.1624033333333333, 0.15144333333333332, 0.13332, 0.1670033333333333, 0.15481999999999999, 0.14669000000000001, 0.13485333333333333, 0.1753433333333333, 0.17368666666666668, 0.14570999999999998, 0.12917666666666666, 0.1419933333333333, 0.16701333333333332, 0.16286666666666663, 0.1476066666666667, 0.12481333333333332, 0.11760999999999999, 0.13548000000000002, 0.12981666666666666, 0.14774, 0.15827666666666665, 0.13450666666666666, 0.13063, 0.14542, 0.12286333333333334]}