{"test_accuracy": [0.2398333333333333, 0.5149166666666667, 0.7470833333333334, 0.8915000000000002, 0.8946666666666666, 0.9311666666666666, 0.9348333333333335, 0.9465833333333333, 0.9469166666666667, 0.9514166666666668, 0.9520833333333333, 0.9562500000000002, 0.9643333333333335, 0.9659999999999997, 0.9630833333333333, 0.9640000000000002, 0.9666666666666667, 0.9643333333333335, 0.9698333333333334, 0.9694166666666668, 0.9708333333333334, 0.9720833333333335, 0.9727499999999999, 0.9740833333333333, 0.9736666666666667, 0.9754999999999999, 0.9755833333333332, 0.9751666666666667, 0.978, 0.9754999999999999, 0.9757500000000001, 0.9765, 0.9780833333333335, 0.97775, 0.9808333333333333, 0.9801666666666666, 0.9809166666666669, 0.9824999999999999, 0.9820000000000001, 0.9800833333333333, 0.9793333333333333, 0.9811666666666666, 0.9839166666666669, 0.9836666666666666, 0.9807500000000001, 0.9809999999999999, 0.9833333333333333, 0.984, 0.9828333333333332, 0.98375, 0.9830833333333333, 0.9839166666666668, 0.9848333333333331, 0.9835833333333334, 0.9855833333333334, 0.9877500000000001, 0.98425, 0.9847500000000001, 0.9846666666666668, 0.98575, 0.9866666666666666, 0.9859166666666666, 0.9882500000000001, 0.9859166666666667, 0.9858333333333333, 0.987, 0.9878333333333333, 0.9876666666666668, 0.9880833333333333, 0.9875833333333333, 0.9875, 0.9869166666666668, 0.9866666666666667, 0.9880833333333333, 0.9871666666666665, 0.9860000000000001, 0.9870833333333333, 0.9871666666666667, 0.9884999999999999, 0.9881666666666666, 0.9874999999999999, 0.9900833333333332, 0.9860833333333333, 0.9877500000000002, 0.9894166666666665, 0.9895, 0.9875833333333334, 0.987, 0.9860000000000002, 0.9900833333333332, 0.9891666666666666, 0.9890833333333334, 0.9893333333333332, 0.9882500000000002, 0.98825, 0.9894166666666666, 0.9904999999999998, 0.98775, 0.9889166666666667, 0.9902499999999999], "test_loss": [9.102863333333334, 8.212406666666668, 6.37501, 3.8064833333333326, 3.2211866666666666, 1.8067433333333331, 1.41045, 1.0853, 0.8796966666666666, 0.7776566666666667, 0.6919966666666666, 0.6031100000000001, 0.5129199999999999, 0.4887699999999999, 0.46935333333333334, 0.4296233333333333, 0.41670333333333337, 0.39399, 0.3900199999999999, 0.36283666666666664, 0.3350333333333333, 0.33886666666666676, 0.3200866666666667, 0.29960333333333333, 0.33060000000000006, 0.3073233333333334, 0.28292666666666666, 0.29155000000000003, 0.30156666666666665, 0.27768333333333334, 0.26324333333333333, 0.2674666666666667, 0.23692000000000002, 0.25617333333333336, 0.24777, 0.2265633333333333, 0.23859333333333332, 0.20779666666666669, 0.21836333333333335, 0.20780666666666664, 0.2401366666666667, 0.21937333333333336, 0.18376, 0.19108999999999998, 0.21925000000000003, 0.20618999999999998, 0.20036999999999996, 0.1937166666666667, 0.17350666666666667, 0.20472, 0.19282666666666665, 0.19357666666666667, 0.17124000000000003, 0.20093333333333335, 0.15525666666666668, 0.13728666666666667, 0.17687, 0.17645999999999998, 0.15889999999999996, 0.18337999999999996, 0.15588, 0.18300333333333332, 0.13859666666666665, 0.16900333333333334, 0.1665533333333333, 0.15118000000000004, 0.18325666666666665, 0.17671000000000003, 0.13674666666666666, 0.15019666666666665, 0.15330333333333337, 0.14533666666666664, 0.15828, 0.14333, 0.15092999999999998, 0.1502166666666667, 0.12345666666666667, 0.13085333333333332, 0.1413666666666667, 0.15926333333333334, 0.13602999999999998, 0.12197333333333331, 0.15711666666666665, 0.16534333333333334, 0.13797, 0.14654, 0.12831333333333333, 0.16481666666666667, 0.15711666666666665, 0.12528, 0.14419333333333334, 0.12166666666666666, 0.1259, 0.12958, 0.13451333333333332, 0.16374000000000002, 0.12043000000000001, 0.1450333333333333, 0.14516333333333334, 0.12191333333333335]}