{"test_accuracy": [0.48716666666666664, 0.7316666666666666, 0.8857499999999999, 0.9107499999999998, 0.9125, 0.9406666666666667, 0.9464166666666666, 0.9516666666666667, 0.9586666666666667, 0.9620833333333334, 0.9620000000000001, 0.9607499999999999, 0.9648333333333332, 0.9692500000000001, 0.9670833333333333, 0.9695, 0.971, 0.9725833333333334, 0.9752500000000001, 0.9745833333333331, 0.9742500000000002, 0.9765, 0.9740833333333333, 0.9750000000000002, 0.9772500000000001, 0.9769166666666668, 0.9788333333333334, 0.9783333333333333, 0.9830000000000001, 0.9796666666666668, 0.9805833333333334, 0.9779166666666668, 0.9821666666666665, 0.9810000000000002, 0.9831666666666664, 0.9820833333333334, 0.9809166666666667, 0.9807500000000001, 0.9814999999999999, 0.9819166666666669, 0.9823333333333333, 0.9815833333333333, 0.9828333333333333, 0.9804166666666667, 0.9816666666666667, 0.9845833333333335, 0.9844166666666667, 0.9840833333333335, 0.9840000000000001, 0.9838333333333336, 0.98575, 0.9864166666666666, 0.9873333333333334, 0.98625, 0.9859166666666666, 0.9866666666666667, 0.9849166666666669, 0.9871666666666666, 0.9870000000000001, 0.9873333333333334, 0.9850000000000001, 0.9860833333333333, 0.9851666666666667, 0.9885833333333333, 0.9874166666666666, 0.9866666666666667, 0.9863333333333334, 0.9875833333333334, 0.9856666666666668, 0.9885, 0.9875833333333331, 0.9883333333333335, 0.988, 0.9879166666666667, 0.9865833333333334, 0.9864166666666668, 0.98575, 0.9885833333333331, 0.9886666666666668, 0.9881666666666666, 0.9885, 0.9893333333333335, 0.9896666666666667, 0.9884166666666665, 0.9883333333333334, 0.9885000000000002, 0.9891666666666665, 0.9872500000000001, 0.9885833333333333, 0.9896666666666667, 0.9890000000000001, 0.9880833333333334, 0.9900000000000001, 0.9888333333333332, 0.9900833333333333, 0.9880000000000001, 0.9875833333333335, 0.9893333333333333, 0.9879166666666668, 0.98925], "test_loss": [8.626596666666666, 6.51293, 3.476686666666667, 2.2041866666666667, 1.831473333333333, 1.1107033333333334, 0.9231133333333333, 0.7745433333333331, 0.5964933333333334, 0.5563733333333334, 0.5338766666666666, 0.50716, 0.45470333333333335, 0.43095333333333335, 0.43739999999999996, 0.3836633333333333, 0.3541966666666667, 0.30458666666666667, 0.2946266666666667, 0.3127333333333333, 0.30686, 0.2910466666666666, 0.2940066666666666, 0.3099333333333333, 0.3070566666666667, 0.27419666666666664, 0.27127, 0.26698333333333335, 0.21907000000000001, 0.24258666666666662, 0.25649, 0.2949366666666666, 0.21350333333333332, 0.22671333333333338, 0.1862533333333333, 0.19613666666666668, 0.24242666666666665, 0.2192466666666667, 0.19255000000000005, 0.20138666666666666, 0.20170000000000002, 0.20795333333333332, 0.19716666666666663, 0.22318000000000002, 0.19555666666666663, 0.17015333333333335, 0.17163999999999996, 0.18521333333333337, 0.19006333333333333, 0.17956999999999998, 0.17265333333333333, 0.1861866666666667, 0.14805666666666667, 0.1662733333333333, 0.19999000000000006, 0.1745233333333333, 0.17110999999999998, 0.1489466666666667, 0.15838000000000005, 0.15483333333333332, 0.19967666666666667, 0.13623, 0.1672866666666667, 0.12502666666666667, 0.1472466666666667, 0.13326999999999997, 0.15082666666666666, 0.18151666666666666, 0.16424333333333332, 0.1625433333333333, 0.13027999999999998, 0.1435833333333333, 0.13092333333333334, 0.13273333333333334, 0.15982333333333335, 0.17084, 0.16423333333333331, 0.14793333333333333, 0.14171333333333339, 0.13404666666666668, 0.12759, 0.12068666666666665, 0.14797, 0.12109666666666669, 0.13641, 0.13554999999999998, 0.12367, 0.17095000000000002, 0.11940666666666665, 0.14600333333333335, 0.10733333333333332, 0.13144666666666666, 0.13096, 0.11749666666666667, 0.12232666666666665, 0.1399166666666667, 0.1463066666666667, 0.11227999999999998, 0.12752666666666668, 0.12403666666666666]}