{"test_accuracy": [0.39793666666666666, 0.53835, 0.5982300000000002, 0.6379866666666666, 0.6673766666666665, 0.6916166666666667, 0.7096700000000001, 0.7227200000000001, 0.7231600000000001, 0.72747, 0.7293566666666667, 0.7566633333333335, 0.7378533333333335, 0.7461633333333333, 0.7554433333333335, 0.7403866666666665, 0.7675066666666666, 0.7597833333333333, 0.7597600000000001, 0.7629633333333333, 0.75035, 0.7736999999999997, 0.7665133333333334, 0.76504, 0.76614, 0.7858866666666665, 0.7770499999999999, 0.7784399999999998, 0.7776266666666667, 0.7819566666666666, 0.781613333333333, 0.7796899999999999, 0.78062, 0.7839133333333332, 0.7758666666666667, 0.7767300000000001, 0.77769, 0.7817366666666667, 0.7790666666666667, 0.7873366666666666, 0.7849166666666666, 0.7855933333333333, 0.7867266666666667, 0.7935699999999998, 0.7864833333333332, 0.7904166666666667, 0.7802600000000001, 0.78963, 0.7870333333333333, 0.7753566666666667, 0.7878066666666667, 0.7845966666666665, 0.7896366666666667, 0.7868399999999999, 0.78271, 0.7771299999999999, 0.7943066666666666, 0.7884266666666665, 0.7929899999999998, 0.7995900000000001, 0.7930599999999999, 0.7975466666666665, 0.7923266666666666, 0.7995433333333332, 0.8016566666666666, 0.7815166666666666, 0.7967333333333333, 0.7952, 0.7920066666666669, 0.7894800000000001, 0.7912833333333334, 0.8014733333333335, 0.8017733333333333, 0.7899699999999998, 0.7872166666666669, 0.7995866666666667, 0.7962166666666667, 0.7887733333333332, 0.7945466666666667, 0.7990366666666665, 0.7963833333333332, 0.7930133333333333, 0.7941933333333332, 0.7818866666666666, 0.7983266666666665, 0.7886033333333332, 0.7884033333333335, 0.7898833333333334, 0.7890033333333334, 0.7915266666666665, 0.7901833333333331, 0.7951133333333332, 0.8024433333333333, 0.8026166666666668, 0.81402, 0.7843733333333333, 0.7741333333333332, 0.79687, 0.7986666666666665, 0.7824599999999999], "test_loss": [6.436986666666667, 4.78502, 4.16591, 3.78961, 3.5209733333333326, 3.2408, 3.0523700000000002, 2.990106666666667, 2.9365499999999995, 2.8887000000000005, 2.9087033333333343, 2.6961000000000004, 2.84653, 2.806773333333334, 2.767746666666667, 2.759726666666667, 2.70726, 2.6360366666666666, 2.7418433333333336, 2.7563833333333334, 2.7775000000000003, 2.7290133333333335, 2.726766666666667, 2.735123333333333, 2.646743333333333, 2.6237100000000004, 2.62496, 2.628306666666667, 2.7003166666666663, 2.6234100000000002, 2.60663, 2.6890133333333335, 2.6152266666666666, 2.6328133333333334, 2.782213333333333, 2.745966666666667, 2.665973333333333, 2.747216666666667, 2.782506666666667, 2.74466, 2.7385200000000003, 2.739603333333334, 2.68818, 2.7764233333333332, 2.822250000000001, 2.7314533333333335, 2.8586933333333335, 2.77416, 2.8852533333333334, 2.802333333333334, 2.88058, 2.807393333333333, 2.849263333333333, 2.790453333333333, 2.9756833333333335, 2.91165, 2.8976333333333324, 2.8827700000000003, 2.88793, 2.8680933333333334, 2.989563333333334, 2.9053400000000003, 2.81584, 5.980846666666666, 2.220236666666666, 2.3351166666666665, 2.2705333333333333, 2.3518166666666662, 2.4772366666666668, 2.4181766666666666, 2.5183766666666667, 2.37815, 2.474603333333333, 2.5773633333333335, 2.5254999999999996, 2.517603333333333, 2.5519899999999995, 2.5947900000000006, 2.74015, 2.6783533333333334, 2.672613333333333, 2.5785, 2.5871599999999995, 2.7793666666666668, 2.5906066666666674, 2.720566666666667, 2.739323333333333, 2.7315933333333335, 2.665426666666667, 2.8142666666666667, 2.827446666666667, 2.7120433333333342, 2.21605, 2.2820833333333335, 2.265896666666667, 2.3955766666666665, 2.580216666666667, 2.6230666666666664, 2.248666666666667, 2.3657866666666667]}