{"test_accuracy": [0.37501666666666666, 0.44828000000000007, 0.5073700000000001, 0.5536, 0.5862, 0.6075666666666667, 0.6486166666666667, 0.6441966666666664, 0.6699266666666668, 0.6644166666666665, 0.6831766666666667, 0.69031, 0.70142, 0.7100299999999999, 0.7181533333333333, 0.7209833333333333, 0.7165500000000001, 0.7326866666666667, 0.72458, 0.7395333333333335, 0.7342566666666666, 0.7447766666666666, 0.7478166666666666, 0.7488100000000001, 0.7504466666666669, 0.73931, 0.7503599999999999, 0.7552333333333333, 0.7566433333333332, 0.7562300000000001, 0.75106, 0.75777, 0.76321, 0.7653166666666666, 0.7650833333333333, 0.7686033333333334, 0.7658766666666668, 0.7827800000000001, 0.76857, 0.7628233333333333, 0.7700833333333333, 0.7783199999999998, 0.7675, 0.7671400000000002, 0.7615766666666666, 0.7730599999999999, 0.7697700000000002, 0.7665299999999999, 0.7809233333333333, 0.7715533333333334, 0.77946, 0.7849133333333332, 0.7697900000000001, 0.7693700000000001, 0.7774833333333334, 0.7779966666666667, 0.7903666666666667, 0.7719000000000001, 0.7778633333333332, 0.7742133333333334, 0.7914633333333333, 0.7779066666666666, 0.7825599999999999, 0.7730766666666666, 0.7745266666666667, 0.7771566666666667, 0.7827433333333335, 0.7698233333333332, 0.7853666666666665, 0.78316, 0.7877500000000002, 0.7869566666666669, 0.7801166666666667, 0.7745300000000002, 0.7696633333333333, 0.79154, 0.7776433333333331, 0.7800566666666667, 0.7856366666666666, 0.77769, 0.7814033333333333, 0.7892066666666667, 0.7834866666666668, 0.7902333333333333, 0.7826099999999999, 0.7874800000000001, 0.7778533333333334, 0.7905433333333334, 0.7867799999999999, 0.7804199999999998, 0.7851066666666667, 0.7833033333333332, 0.7754166666666666, 0.7802799999999999, 0.7894566666666668, 0.7895800000000002, 0.7914933333333334, 0.77729, 0.7844533333333332, 0.77788], "test_loss": [6.514383333333331, 5.426203333333334, 4.89313, 4.555903333333333, 4.204183333333333, 3.9405300000000003, 3.73346, 3.6068700000000002, 3.4115066666666665, 3.40276, 3.2364666666666664, 3.2250266666666665, 3.0735999999999994, 2.9881933333333333, 2.8898066666666664, 2.9295966666666664, 2.8790566666666657, 2.8290233333333337, 2.876526666666666, 2.7907000000000006, 2.7050100000000006, 2.670903333333334, 2.7184033333333337, 2.652846666666667, 2.69403, 2.673056666666666, 2.6478566666666654, 2.589403333333333, 2.63109, 2.6470866666666666, 2.6069433333333336, 2.5170266666666663, 2.56257, 2.5327866666666665, 2.536286666666667, 2.5704899999999995, 2.559433333333333, 2.4531399999999994, 2.494843333333334, 2.6418733333333337, 2.55196, 2.5218033333333327, 2.5803100000000003, 2.577383333333333, 2.5015166666666664, 2.563143333333333, 2.4736166666666666, 2.53646, 2.49792, 2.53527, 2.5481700000000003, 2.485666666666666, 2.4963900000000003, 2.6250366666666665, 2.5877499999999998, 2.526983333333333, 2.450896666666667, 2.561476666666667, 2.5059500000000003, 2.6482833333333327, 2.4988433333333337, 2.5235299999999996, 2.4902633333333335, 2.581023333333334, 2.6144000000000003, 2.6478833333333336, 2.603623333333333, 2.5270300000000003, 2.5868033333333336, 2.665173333333333, 2.5374166666666667, 2.633883333333334, 2.58759, 2.70032, 2.73448, 2.54287, 2.674073333333333, 2.663426666666666, 2.599556666666666, 2.7136866666666664, 2.6834733333333336, 2.6285266666666662, 2.658876666666666, 2.6192566666666672, 2.685766666666667, 2.6720099999999998, 2.656803333333333, 2.5769133333333345, 2.6871533333333337, 2.74188, 2.597266666666667, 2.639783333333334, 2.8077199999999993, 2.64108, 2.62081, 2.602196666666667, 2.6981133333333336, 2.7626966666666672, 2.6819466666666667, 2.782926666666667]}