{"test_accuracy": [0.12333666666666665, 0.39147333333333323, 0.47877666666666674, 0.5238633333333333, 0.5505666666666668, 0.59135, 0.6091933333333334, 0.6414833333333332, 0.6464066666666667, 0.6665, 0.6759633333333332, 0.6802933333333332, 0.6969533333333334, 0.7058566666666667, 0.6968999999999997, 0.7086600000000001, 0.7275733333333333, 0.73119, 0.7306333333333335, 0.7358566666666667, 0.7451133333333332, 0.74063, 0.7162933333333334, 0.7417066666666664, 0.7355733333333332, 0.7409533333333335, 0.7464500000000001, 0.7669333333333334, 0.7527166666666666, 0.7623933333333334, 0.7564, 0.7493633333333333, 0.7615866666666667, 0.76428, 0.7620699999999999, 0.7668400000000001, 0.7752833333333332, 0.7695066666666667, 0.7660866666666666, 0.7737966666666666, 0.7717366666666666, 0.77348, 0.7810366666666666, 0.7603700000000001, 0.7671966666666667, 0.7620233333333335, 0.7712633333333332, 0.7697933333333332, 0.7685366666666666, 0.7793866666666668, 0.7770966666666665, 0.7852633333333333, 0.7827666666666667, 0.7665033333333334, 0.7796699999999999, 0.7800866666666667, 0.77134, 0.7783133333333332, 0.7711, 0.7780599999999999, 0.7706899999999999, 0.7798466666666666, 0.7741566666666666, 0.7758533333333334, 0.7800933333333333, 0.7809999999999999, 0.7739966666666668, 0.7821899999999999, 0.7763466666666667, 0.7748833333333333, 0.7927433333333335, 0.7736366666666666, 0.7790433333333333, 0.7768499999999999, 0.7883599999999998, 0.7823633333333336, 0.7907666666666666, 0.7881633333333334, 0.7787266666666665, 0.7830533333333334, 0.78213, 0.7815866666666668, 0.7763666666666668, 0.7849799999999999, 0.7854133333333333, 0.78433, 0.7862266666666666, 0.7857033333333334, 0.7854666666666668, 0.7926933333333335, 0.7839433333333332, 0.7801066666666665, 0.7778133333333332, 0.78298, 0.7755, 0.7749, 0.7726733333333334, 0.7860066666666666, 0.7767999999999998, 0.7918000000000001], "test_loss": [8.144663333333334, 6.489763333333333, 5.29177, 4.9079999999999995, 4.544590000000001, 4.3276200000000005, 4.046033333333333, 3.827403333333334, 3.6611599999999997, 3.5717966666666667, 3.406323333333333, 3.329933333333334, 3.1725533333333327, 3.133123333333333, 3.147146666666667, 3.0819533333333333, 2.9213866666666664, 2.8070733333333333, 2.8619266666666667, 2.878243333333333, 2.7471900000000007, 2.7672866666666662, 2.7818366666666665, 2.699153333333333, 2.7397800000000005, 2.6827933333333336, 2.7079400000000002, 2.682596666666667, 2.6713633333333333, 2.6080666666666663, 2.647906666666666, 2.6544033333333332, 2.5703000000000005, 2.5698533333333335, 2.546793333333333, 2.56891, 2.567613333333333, 2.538343333333333, 2.6007133333333337, 2.520173333333333, 2.4586933333333336, 2.444063333333333, 2.4804733333333333, 2.655323333333333, 2.533343333333334, 2.5511000000000004, 2.522436666666666, 2.5049566666666667, 2.564713333333334, 2.4768433333333335, 2.476446666666666, 2.4831133333333333, 2.5053166666666664, 2.619003333333334, 2.422283333333333, 2.507343333333333, 2.652603333333333, 2.5141500000000003, 2.6178566666666665, 2.593629999999999, 2.5873533333333336, 2.5868299999999995, 2.5005999999999995, 2.64784, 2.5785300000000007, 2.531453333333334, 2.586836666666667, 2.5941899999999998, 2.566406666666666, 2.634223333333333, 2.6518333333333337, 2.586093333333333, 2.5866833333333332, 2.609556666666667, 2.589543333333333, 2.569223333333334, 2.564603333333333, 2.4832266666666674, 2.6062266666666662, 2.5902566666666664, 2.6482233333333336, 2.7021866666666674, 2.678923333333334, 2.6160533333333333, 2.633893333333334, 2.6300700000000004, 2.620493333333333, 2.6694400000000003, 2.6385633333333334, 2.5956100000000006, 2.6607399999999997, 2.7119600000000004, 2.776583333333334, 2.6094000000000004, 2.665006666666667, 2.7170899999999993, 2.80098, 2.7598966666666667, 2.5920566666666667, 2.762103333333333]}