{"test_accuracy": [0.32399333333333324, 0.3901866666666666, 0.4516666666666667, 0.5194666666666666, 0.5529700000000001, 0.5786733333333333, 0.6068733333333333, 0.6377633333333333, 0.6543566666666667, 0.6616266666666665, 0.6659866666666667, 0.6752566666666665, 0.68463, 0.7062699999999998, 0.7036333333333332, 0.7200166666666666, 0.7275266666666665, 0.72493, 0.7286100000000001, 0.7332300000000002, 0.7333333333333332, 0.7421833333333333, 0.7470466666666665, 0.74671, 0.7495033333333334, 0.7574333333333334, 0.76026, 0.7620766666666667, 0.7623033333333333, 0.7646266666666667, 0.7609933333333333, 0.76431, 0.77359, 0.7688733333333333, 0.7766300000000002, 0.7749000000000001, 0.7700933333333334, 0.7697766666666668, 0.7789633333333335, 0.7754899999999999, 0.7789966666666666, 0.7785866666666668, 0.7828999999999998, 0.78593, 0.7802933333333334, 0.78396, 0.7876766666666666, 0.7911533333333334, 0.78954, 0.7863266666666668, 0.7902433333333333, 0.7902166666666666, 0.7897133333333333, 0.7836800000000002, 0.7861066666666666, 0.79522, 0.7924733333333333, 0.7948766666666667, 0.7885266666666666, 0.7920933333333333], "test_loss": [7.6689333333333325, 6.27534, 5.448323333333333, 4.96538, 4.674259999999999, 4.390173333333334, 4.158686666666667, 3.901696666666666, 3.7408966666666665, 3.87451, 3.8178633333333334, 3.6910733333333337, 3.5406899999999997, 3.3750699999999996, 3.359586666666667, 3.345356666666666, 3.182006666666666, 3.184236666666666, 3.149076666666667, 3.3211200000000005, 3.268246666666667, 3.1947400000000004, 3.2579700000000003, 3.3332200000000003, 3.1057800000000007, 3.120323333333333, 3.1370633333333333, 3.0590766666666673, 2.982603333333333, 3.3458566666666667, 3.39122, 3.257080000000001, 3.2318533333333335, 3.292933333333333, 3.252286666666667, 3.165643333333334, 3.2536133333333326, 3.270406666666666, 3.0725299999999995, 3.5026133333333336, 3.433426666666667, 3.3929000000000005, 3.3807899999999997, 3.42315, 3.428553333333333, 3.374423333333333, 3.402213333333333, 3.3497600000000007, 3.2877933333333336, 3.758966666666667, 3.680309999999999, 3.847256666666667, 3.793793333333334, 3.7920966666666667, 3.755756666666666, 3.6167366666666667, 3.7727633333333332, 3.9699233333333335, 3.819616666666667, 4.053563333333334]}