{"test_accuracy": [0.2518666666666667, 0.42253, 0.4949033333333333, 0.5338966666666667, 0.5860400000000001, 0.5994299999999999, 0.6272066666666666, 0.6443066666666667, 0.6575466666666667, 0.6731033333333333, 0.6807933333333333, 0.6886166666666664, 0.7054466666666667, 0.7077366666666667, 0.7194266666666668, 0.7258433333333334, 0.73311, 0.7329066666666666, 0.7391099999999999, 0.7447466666666666, 0.7483933333333331, 0.7525066666666668, 0.7520600000000001, 0.7583766666666667, 0.7553433333333334, 0.7642000000000001, 0.7687133333333335, 0.7640499999999999, 0.7657833333333334, 0.7702766666666665, 0.7727866666666667, 0.7699533333333332, 0.7721133333333332, 0.7752666666666667, 0.7748566666666666, 0.7750233333333334, 0.7796033333333333, 0.7804333333333332, 0.7728000000000002, 0.7876366666666667, 0.7844133333333334, 0.7841033333333333, 0.7845633333333333, 0.7844666666666666, 0.7848733333333333, 0.7837633333333335, 0.7863533333333333, 0.7872366666666666, 0.7838200000000001, 0.7892366666666668, 0.7877133333333333, 0.7871799999999999, 0.7864566666666667, 0.7876766666666667, 0.7893699999999998, 0.7881133333333333, 0.7869499999999998, 0.78962, 0.7905933333333333, 0.7946466666666667], "test_loss": [7.24659, 6.14782, 4.905776666666666, 4.5214333333333325, 4.62689, 4.4606233333333325, 4.193553333333333, 4.027646666666667, 3.958183333333333, 4.055263333333333, 4.006863333333333, 3.82649, 3.645813333333334, 3.6915766666666667, 3.79997, 3.7215800000000003, 3.6328199999999997, 3.604403333333333, 3.57017, 3.9562766666666667, 3.9194533333333346, 3.7512933333333334, 3.8068099999999996, 3.713813333333333, 4.03366, 3.9472800000000006, 3.8917133333333336, 3.96223, 3.9019766666666658, 4.272469999999999, 4.2305633333333335, 4.26928, 4.3006, 4.332093333333334, 4.583683333333335, 4.536143333333333, 4.505503333333333, 4.59542, 4.73812, 4.8758766666666675, 4.91798, 4.9499, 5.010356666666666, 4.989853333333333, 5.639816666666667, 5.813276666666667, 5.548290000000001, 5.671423333333333, 5.792513333333334, 6.180829999999999, 6.076943333333333, 6.103143333333334, 6.194586666666667, 6.224756666666668, 6.894259999999999, 6.9651266666666665, 6.991166666666667, 6.940309999999998, 6.884616666666668, 7.652263333333335]}