{"test_accuracy": [0.32475, 0.40750000000000003, 0.4487500000000001, 0.4847499999999999, 0.5214033333333334, 0.5578466666666667, 0.5786700000000001, 0.59968, 0.61858, 0.6408866666666667, 0.6497566666666666, 0.6665333333333334, 0.6758433333333334, 0.6886166666666667, 0.6930099999999999, 0.7092066666666667, 0.7068533333333334, 0.7229633333333333, 0.7226866666666667, 0.7328699999999999, 0.7328800000000001, 0.7389633333333336, 0.7442700000000001, 0.7492766666666667, 0.7474433333333332, 0.7492599999999999, 0.7605766666666667, 0.7628633333333333, 0.762, 0.7652666666666665, 0.7651933333333333, 0.7691133333333333, 0.7694866666666668, 0.7665333333333333, 0.77379, 0.7703033333333333, 0.77519, 0.7767000000000001, 0.77807, 0.78145, 0.7744700000000001, 0.7779566666666667, 0.7795833333333333, 0.7784166666666664, 0.7825333333333333, 0.7872366666666666, 0.7832100000000001, 0.7845433333333333, 0.78411, 0.7855466666666667, 0.7867, 0.7843833333333332, 0.7885733333333332, 0.7873833333333332, 0.7880566666666665, 0.7931966666666667, 0.7846699999999999, 0.7921066666666666, 0.7854366666666667, 0.7882433333333334], "test_loss": [8.307296666666666, 7.381783333333334, 6.110623333333335, 5.744933333333333, 5.393883333333334, 5.044703333333333, 4.796273333333333, 4.589363333333334, 4.37526, 4.169106666666667, 4.033726666666667, 3.850706666666667, 3.77808, 3.5870533333333343, 4.457470000000001, 4.336823333333333, 4.283536666666666, 4.034439999999999, 4.147113333333333, 3.8860999999999994, 3.8993700000000007, 3.821456666666667, 3.767036666666667, 3.7362766666666665, 4.4402800000000004, 4.421803333333333, 4.282066666666667, 4.291943333333333, 4.202793333333333, 4.191936666666666, 4.299093333333333, 4.154616666666667, 4.14517, 4.144536666666666, 4.684393333333333, 4.841053333333333, 4.7470799999999995, 4.793016666666666, 4.6692566666666675, 4.948016666666666, 5.166420000000001, 5.004896666666667, 4.937079999999999, 4.988903333333334, 5.321513333333332, 5.318033333333332, 5.393313333333333, 5.453733333333332, 5.457486666666666, 6.1251500000000005, 6.06718, 6.259239999999999, 6.131613333333334, 6.280996666666667, 6.990529999999999, 6.849806666666667, 7.062876666666667, 6.877936666666668, 7.15052, 7.494523333333333]}