{"test_accuracy": [0.20016666666666666, 0.116, 0.20941666666666667, 0.28733333333333333, 0.33020666666666665, 0.36486333333333326, 0.3805333333333333, 0.38940333333333327, 0.4110399999999999, 0.42179, 0.4315766666666666, 0.45130666666666663, 0.4726233333333333, 0.4860966666666667, 0.5224033333333332, 0.5297466666666666, 0.54199, 0.5616266666666667, 0.5676033333333332, 0.56622, 0.5775666666666667, 0.5843233333333333, 0.5985966666666668, 0.6136, 0.6176366666666666, 0.6317733333333334, 0.63764, 0.6430566666666666, 0.6497433333333335, 0.6594999999999999, 0.6608266666666667, 0.66694, 0.6755733333333336, 0.6846366666666666, 0.69411, 0.69243, 0.6995100000000001, 0.7023233333333334, 0.7073566666666667, 0.6979766666666667, 0.7067266666666666, 0.71644, 0.71589, 0.71375, 0.7216533333333334, 0.7247899999999998, 0.7295166666666667, 0.7279133333333334, 0.7312933333333334, 0.7354166666666665, 0.7378866666666667, 0.7380833333333333, 0.7411566666666667, 0.7417666666666667, 0.7394, 0.7422066666666667, 0.7480766666666666, 0.7444166666666667, 0.7507033333333333, 0.7498400000000001], "test_loss": [9.143519999999999, 9.067800000000002, 8.45712, 7.983353333333333, 7.683013333333333, 7.441546666666667, 7.233106666666668, 7.038170000000002, 6.808939999999999, 6.719043333333333, 6.535449999999999, 6.373843333333334, 6.165716666666667, 6.038303333333334, 7.2275333333333345, 7.00802, 6.831716666666667, 6.5957333333333334, 6.414903333333332, 6.3387199999999995, 6.149863333333334, 5.995853333333333, 5.817896666666667, 5.615406666666667, 6.579576666666666, 6.416083333333333, 6.219899999999999, 6.203006666666668, 6.0622799999999994, 5.8636566666666665, 5.854856666666666, 5.745096666666667, 5.560469999999999, 5.414056666666666, 6.193653333333333, 6.151163333333333, 6.052360000000001, 6.0767066666666665, 5.992803333333332, 6.391490000000001, 6.250229999999999, 6.04556, 6.091013333333334, 6.077303333333333, 6.604246666666667, 6.517669999999999, 6.463433333333333, 6.546096666666667, 6.512919999999999, 7.1606233333333345, 7.139466666666666, 7.23918, 7.109776666666668, 7.2100133333333325, 7.92401, 7.980106666666667, 7.792469999999999, 8.05193, 7.9984399999999996, 8.588643333333332]}