{"test_accuracy": [0.3645833333333333, 0.43975, 0.46975000000000006, 0.5099166666666667, 0.5431666666666667, 0.5858333333333332, 0.5976666666666668, 0.61825, 0.6288333333333332, 0.6485833333333333, 0.65975, 0.6729166666666667, 0.6848333333333334, 0.68775, 0.7000833333333333, 0.7103333333333334, 0.7143333333333332, 0.7276666666666667, 0.7248333333333333, 0.7321666666666667, 0.7376666666666666, 0.735, 0.7469166666666667, 0.7458333333333333, 0.7478333333333332, 0.7529166666666666, 0.7539166666666667, 0.754, 0.7643333333333333, 0.7671666666666664, 0.7596666666666667, 0.7659166666666667, 0.7727500000000002, 0.7701666666666667, 0.7687500000000002, 0.764, 0.7761666666666666, 0.7796666666666667, 0.7790833333333335, 0.7771666666666666, 0.7748333333333334, 0.7745833333333334, 0.7831666666666666, 0.7832499999999999, 0.7828333333333334, 0.7749166666666667, 0.7806666666666665, 0.7745833333333334, 0.7895000000000001, 0.7816666666666667, 0.7846666666666667, 0.785, 0.7885833333333333, 0.7848333333333334, 0.7838333333333334, 0.7877499999999997, 0.7925833333333332, 0.7910833333333332, 0.7841666666666666, 0.7813333333333331], "test_loss": [7.165366666666666, 6.197469999999998, 5.832346666666666, 5.525573333333332, 5.206556666666668, 4.8555633333333335, 4.548876666666667, 4.463033333333334, 4.2290833333333335, 4.173833333333333, 3.9022366666666666, 3.731803333333333, 3.7252666666666667, 3.6097566666666667, 3.4043899999999994, 3.354253333333333, 3.3572366666666666, 3.203546666666666, 3.16466, 3.118833333333333, 3.072026666666666, 3.11107, 3.07283, 2.9834299999999994, 2.9834666666666667, 2.8337100000000004, 2.984633333333333, 2.8796600000000003, 2.8075900000000003, 2.91405, 2.8036266666666667, 2.6732, 2.755596666666667, 2.7930699999999997, 2.85462, 2.8591233333333332, 2.6919966666666664, 2.7730966666666665, 2.66651, 2.7491399999999997, 2.767663333333333, 2.7779066666666665, 2.665163333333333, 2.836936666666667, 2.7808233333333345, 2.652646666666667, 2.706173333333333, 2.90652, 2.6903733333333335, 2.82996, 2.71938, 2.7435133333333335, 2.6851733333333336, 2.731016666666667, 2.839693333333334, 2.716326666666667, 2.8357666666666668, 2.7498033333333334, 2.7749099999999998, 2.909703333333333]}