{"test_accuracy": [0.3509999999999999, 0.4309166666666667, 0.47825000000000006, 0.511, 0.5402199999999999, 0.5764799999999999, 0.5921966666666667, 0.6165400000000001, 0.6297099999999999, 0.6425699999999999, 0.6539933333333334, 0.6730633333333335, 0.6776566666666665, 0.6806233333333334, 0.69451, 0.7049599999999998, 0.7136866666666666, 0.7190533333333333, 0.7193200000000001, 0.7300800000000002, 0.7289333333333333, 0.7335466666666668, 0.7418166666666666, 0.74372, 0.7439566666666667, 0.7457666666666667, 0.7498433333333334, 0.7550500000000001, 0.7529933333333335, 0.76547, 0.7639333333333335, 0.7643599999999999, 0.7670466666666665, 0.7662999999999999, 0.7690533333333333, 0.7703333333333333, 0.7686200000000001, 0.7716399999999999, 0.7729666666666666, 0.7719933333333334, 0.7763033333333333, 0.7799766666666668, 0.7763666666666666, 0.7749066666666666, 0.7744533333333334, 0.7779233333333333, 0.7787533333333333, 0.7818933333333333, 0.7862100000000001, 0.7843633333333334, 0.7792133333333333, 0.7876933333333334, 0.7824333333333332, 0.7812833333333333, 0.7868466666666667, 0.7850766666666666, 0.7866400000000001, 0.7872666666666667, 0.7883266666666667, 0.78727], "test_loss": [7.309950000000001, 6.284456666666668, 5.836826666666667, 5.50849, 5.183556666666667, 4.856176666666668, 4.671833333333334, 4.3678799999999995, 4.229323333333333, 4.107349999999999, 3.962153333333333, 3.7727266666666663, 3.646593333333333, 3.6280000000000006, 4.460563333333334, 4.252426666666667, 4.18404, 4.11316, 4.130486666666667, 3.954603333333334, 3.9596699999999996, 3.9316266666666673, 3.7782866666666677, 3.737053333333333, 4.567783333333334, 4.379356666666667, 4.525519999999999, 4.298753333333334, 4.263446666666667, 4.1894100000000005, 4.189226666666666, 4.179726666666666, 4.186016666666667, 4.200410000000001, 4.8352666666666675, 4.848233333333334, 4.931516666666668, 4.94116, 4.82768, 5.013436666666666, 4.977836666666667, 4.813136666666668, 4.937023333333333, 4.949603333333334, 5.606036666666666, 5.559993333333334, 5.527543333333332, 5.534563333333334, 5.418260000000001, 6.090433333333334, 6.357603333333334, 6.149346666666668, 6.274426666666668, 6.327910000000001, 6.963866666666666, 6.976283333333334, 6.974793333333333, 7.121896666666666, 7.095699999999999, 7.731786666666667]}