{"test_accuracy": [0.09604878476088247, 0.11085613973104883, 0.12172902424542302, 0.13737119927062008, 0.12172829961503989, 0.1327363707528531, 0.12036966016587951, 0.1178176483620753, 0.15610428892677108, 0.16236516284300476, 0.15053437332862646, 0.13477259328052646, 0.1750191240977356, 0.14300963141103296, 0.15872302301862753, 0.12656053230769554, 0.17276316950072762, 0.11080509755193592, 0.19235462267070413, 0.13193982755331402, 0.17015920759383396, 0.19966584197658843, 0.2062257192770898, 0.17513152371710436, 0.14746395557102537, 0.17725419924737834, 0.1888584923814023, 0.107950687012325, 0.14364665682734729, 0.11599255778471122, 0.19892019165216912, 0.10522874550563735, 0.22021320509127906, 0.16485984388729236, 0.18731427224050748, 0.1864478613046438, 0.15330726163587946, 0.14067279403791158, 0.17525803093123749, 0.17289001600351872, 0.17567882272748098, 0.15566308173608295, 0.21061747281952084, 0.22278813014119989, 0.2599487264872684, 0.29106077134576314, 0.3181203699669478, 0.3373681544047633, 0.3514050723396958, 0.37425180804589886, 0.3931379008643691, 0.40937146688161846, 0.4268650020719403, 0.44217731863655857, 0.4526033862601132, 0.46627759453418804, 0.4817388108768823, 0.4988478783822751, 0.5035645999618875, 0.5189250294013426], "test_loss": [9.307570000000002, 9.2108, 9.262360000000001, 9.763760000000001, 11.2416, 12.486843333333335, 10.477836666666665, 10.406976666666669, 9.594233333333335, 9.44305, 9.738336666666667, 10.356563333333332, 10.087726666666667, 9.99518, 9.683546666666667, 9.665286666666669, 9.675849999999999, 9.849619999999996, 9.437323333333332, 9.568679999999999, 9.323466666666667, 9.854266666666666, 9.131813333333334, 9.35655, 9.36265, 9.485623333333335, 9.365273333333333, 10.096973333333334, 9.646983333333335, 9.862816666666667, 9.469306666666665, 10.023323333333332, 9.197323333333335, 9.70145, 9.214706666666668, 9.323470000000002, 9.110703333333333, 9.260696666666664, 9.04835, 9.948819999999996, 9.07684, 9.326033333333333, 9.217186666666667, 9.416313333333333, 10.406446666666666, 10.005506666666665, 9.595843333333333, 9.318819999999999, 9.071, 8.843973333333334, 8.633626666666666, 8.468560000000002, 8.308343333333333, 8.100896666666667, 7.92722, 7.803063333333335, 7.697563333333333, 7.601163333333333, 7.444053333333334, 7.558819999999999]}