{"test_accuracy": [0.1, 0.1, 0.10024999999999999, 0.10008333333333333, 0.13966666666666666, 0.1, 0.1, 0.1, 0.13633333333333333, 0.13316666666666666, 0.13008333333333333, 0.1409166666666667, 0.14575000000000002, 0.12425, 0.16075000000000003, 0.09144333333333335, 0.15606333333333336, 0.10669333333333332, 0.15434666666666666, 0.15176, 0.18225, 0.16559, 0.18222666666666668, 0.14222, 0.15847333333333333, 0.14903000000000002, 0.15786666666666666, 0.11206, 0.14451999999999998, 0.12628666666666666, 0.17087, 0.11830333333333333, 0.19478666666666672, 0.1538733333333333, 0.15776, 0.15028, 0.19080333333333332, 0.15783333333333338, 0.1930366666666667, 0.17020333333333335, 0.15815666666666667, 0.10363000000000003, 0.1927933333333333, 0.20078333333333337, 0.24886, 0.2873, 0.32162666666666667, 0.33598666666666666, 0.35688333333333333, 0.3805866666666667, 0.39177, 0.40011333333333327, 0.4183333333333332, 0.4324466666666666, 0.43162, 0.44216333333333335, 0.44753333333333334, 0.4596366666666667, 0.46082666666666666, 0.46437000000000006], "test_loss": [9.307570000000002, 9.2108, 9.262360000000001, 9.763760000000001, 11.2416, 12.486843333333335, 10.477836666666665, 10.406976666666669, 9.594233333333335, 9.44305, 9.738336666666667, 10.356563333333332, 10.087726666666667, 9.99518, 9.683546666666667, 9.665286666666669, 9.675849999999999, 9.849619999999996, 9.437323333333332, 9.568679999999999, 9.323466666666667, 9.854266666666666, 9.131813333333334, 9.35655, 9.36265, 9.485623333333335, 9.365273333333333, 10.096973333333334, 9.646983333333335, 9.862816666666667, 9.469306666666665, 10.023323333333332, 9.197323333333335, 9.70145, 9.214706666666668, 9.323470000000002, 9.110703333333333, 9.260696666666664, 9.04835, 9.948819999999996, 9.07684, 9.326033333333333, 9.217186666666667, 9.416313333333333, 10.406446666666666, 10.005506666666665, 9.595843333333333, 9.318819999999999, 9.071, 8.843973333333334, 8.633626666666666, 8.468560000000002, 8.308343333333333, 8.100896666666667, 7.92722, 7.803063333333335, 7.697563333333333, 7.601163333333333, 7.444053333333334, 7.558819999999999]}