{"test_accuracy": [0.44158333333333327, 0.6230833333333332, 0.82075, 0.8910000000000001, 0.9216233333333332, 0.9331666666666666, 0.9343666666666668, 0.9439733333333333, 0.9444, 0.95021, 0.9565066666666665, 0.9583966666666668, 0.9588733333333334, 0.9592933333333332, 0.9674433333333333, 0.96897, 0.9700866666666667, 0.9734866666666666, 0.9728099999999998, 0.9770533333333334, 0.9779833333333332, 0.9599133333333333, 0.9788, 0.9814233333333332, 0.9845900000000001, 0.9834233333333332, 0.9847099999999999, 0.9857033333333334, 0.9869766666666667, 0.9857499999999999, 0.9872166666666666, 0.9871566666666669, 0.9878900000000002, 0.9884266666666667, 0.9885666666666666, 0.9877499999999998, 0.9896299999999999, 0.9892433333333334, 0.9900866666666667, 0.9898666666666666, 0.9901300000000002, 0.9907733333333335, 0.9910399999999999, 0.9903700000000001, 0.9910499999999999, 0.9904666666666667, 0.9918533333333333, 0.99171, 0.9898566666666667, 0.9893033333333333, 0.9914966666666667, 0.9917933333333334, 0.9922799999999998, 0.99154, 0.9911033333333332, 0.9921766666666667, 0.9923266666666667, 0.99239, 0.9929866666666668, 0.9912900000000001], "test_loss": [9.009606666666665, 7.8899799999999995, 5.8840699999999995, 3.8025066666666674, 2.455233333333333, 1.5935400000000002, 1.2939766666666666, 1.0081266666666666, 0.8827333333333333, 0.7618000000000003, 0.6796800000000001, 0.6675733333333332, 0.5584666666666667, 0.5251533333333334, 0.5344200000000001, 0.4753833333333333, 0.4630233333333333, 0.4224866666666667, 0.42242999999999997, 0.3452333333333332, 0.3361766666666667, 0.6688766666666666, 0.31773, 0.2619633333333333, 0.27291000000000004, 0.2739066666666667, 0.26039666666666667, 0.24667000000000003, 0.22165666666666667, 0.25929666666666673, 0.23388, 0.21486999999999998, 0.21252999999999997, 0.20559666666666665, 0.25385, 0.26905666666666667, 0.21539000000000003, 0.22180999999999998, 0.19838999999999996, 0.20873666666666663, 0.2029466666666667, 0.22312999999999994, 0.20357000000000003, 0.21935333333333332, 0.22519, 0.23043, 0.22396666666666668, 0.21980666666666665, 0.2539766666666667, 0.29211000000000004, 0.2427066666666667, 0.25359333333333334, 0.22342666666666666, 0.26406666666666667, 0.25213, 0.27351, 0.25662666666666667, 0.2626266666666667, 0.22968333333333335, 0.29691333333333336]}