{"test_accuracy": [0.8553333333333335, 0.9761666666666667, 0.9823333333333334, 0.9853333333333334, 0.9864866666666668, 0.9875433333333333, 0.9883000000000002, 0.9920733333333336, 0.9902666666666671, 0.9907866666666666, 0.9903200000000001, 0.9916166666666669, 0.9917566666666665, 0.9907066666666666, 0.99161, 0.9940166666666668, 0.9932099999999998, 0.9932033333333334, 0.9932666666666666, 0.9932300000000002, 0.9940733333333333, 0.9932900000000001, 0.9934666666666666, 0.9950800000000002, 0.9942333333333333, 0.9937166666666666, 0.9941066666666667, 0.9931699999999999, 0.9939766666666666, 0.9941399999999999, 0.9939166666666668, 0.9938499999999999, 0.9942300000000001, 0.9946333333333331, 0.9944333333333334, 0.99456, 0.9949033333333335, 0.9949766666666666, 0.9945266666666667, 0.9941266666666665, 0.9950466666666666, 0.99464, 0.9950133333333333, 0.9948566666666666, 0.9934433333333335, 0.9940499999999999, 0.9948066666666666, 0.9947800000000001, 0.9955999999999999, 0.9952433333333331, 0.9950666666666665, 0.9949133333333333, 0.9955899999999998, 0.9949366666666665, 0.9945233333333334, 0.9941766666666666, 0.9952533333333332, 0.9944766666666667, 0.9947266666666665, 0.9953200000000001], "test_loss": [3.1045, 0.27943, 0.23776000000000003, 0.15678999999999998, 0.17135333333333333, 0.1477033333333333, 0.14212666666666665, 0.09232, 0.13182666666666668, 0.12914, 0.10988999999999999, 0.11346333333333332, 0.10207666666666666, 0.1083733333333333, 0.13698666666666667, 0.10577, 0.10487000000000002, 0.09280999999999999, 0.10512333333333332, 0.11445999999999999, 0.09821666666666665, 0.11051333333333331, 0.10987333333333334, 0.08426333333333333, 0.12147, 0.14018333333333333, 0.09751, 0.17507666666666666, 0.10713666666666666, 0.12608, 0.13421999999999998, 0.13291, 0.11691333333333334, 0.11467666666666668, 0.14366666666666666, 0.15255999999999997, 0.12748666666666666, 0.13056333333333334, 0.15000333333333335, 0.13698333333333332, 0.12508333333333335, 0.14537999999999998, 0.13877666666666671, 0.14556333333333335, 0.16669666666666666, 0.17018666666666668, 0.19654, 0.16990333333333338, 0.14243, 0.18296, 0.18989333333333336, 0.19290999999999997, 0.17108666666666666, 0.19345666666666664, 0.22414666666666666, 0.22914666666666667, 0.21506333333333333, 0.21202999999999997, 0.20694666666666667, 0.23894333333333329]}