{"test_accuracy": [0.6504533333333333, 0.9688433333333334, 0.9773033333333334, 0.9814166666666667, 0.98386, 0.9868200000000001, 0.9877266666666666, 0.9882133333333333, 0.9913633333333335, 0.9915333333333334, 0.9909466666666666, 0.9913066666666666, 0.9916433333333334, 0.9895, 0.99095, 0.9919066666666669, 0.9939366666666666, 0.99132, 0.9920899999999999, 0.9914733333333334, 0.9924333333333333, 0.9926033333333334, 0.9924833333333333, 0.9929966666666666, 0.9937833333333332, 0.9935800000000001, 0.9920600000000002, 0.9932400000000001, 0.9925200000000002, 0.99409, 0.99329, 0.9923, 0.9934866666666665, 0.9933000000000001, 0.9935999999999999, 0.99365, 0.9935033333333334, 0.99355, 0.99251, 0.9936566666666667, 0.9952933333333334, 0.9925966666666667, 0.9936433333333334, 0.9936366666666667, 0.9934366666666666, 0.9943266666666669, 0.9934233333333334, 0.9936533333333333, 0.9932266666666667, 0.9940233333333334, 0.9943733333333336, 0.9937966666666668, 0.9934366666666666, 0.9932333333333333, 0.9941933333333334, 0.9934833333333333, 0.9930533333333332, 0.99415, 0.9934600000000001, 0.9940699999999999], "test_loss": [4.208853333333333, 0.44534999999999997, 0.24081000000000002, 0.21350666666666665, 0.16227999999999998, 0.14778, 0.12696333333333334, 0.13877666666666666, 0.11449333333333334, 0.12754000000000001, 0.11675666666666666, 0.12233000000000001, 0.13585, 0.13885999999999996, 0.14574666666666666, 0.11462333333333333, 0.10408, 0.11865666666666665, 0.12989666666666666, 0.13720666666666664, 0.11162333333333334, 0.12266999999999999, 0.12567333333333333, 0.11825666666666668, 0.12958666666666666, 0.11672666666666669, 0.14490666666666663, 0.12874333333333335, 0.14964999999999998, 0.12015666666666669, 0.15258333333333335, 0.15915333333333329, 0.13214666666666666, 0.12500999999999998, 0.15469666666666668, 0.15345666666666669, 0.13280999999999998, 0.1616166666666667, 0.18570333333333336, 0.16577999999999998, 0.12845000000000004, 0.22138333333333332, 0.16942333333333337, 0.14906333333333335, 0.1919433333333333, 0.16256666666666664, 0.1820433333333333, 0.18409999999999999, 0.19211999999999999, 0.18778000000000003, 0.19179666666666673, 0.21914, 0.2151133333333333, 0.21388333333333331, 0.19619, 0.21488666666666667, 0.23618, 0.21903666666666669, 0.20071333333333335, 0.23162999999999997]}