{"test_accuracy": [0.16575, 0.22783333333333336, 0.34741666666666665, 0.3869999999999999, 0.42995333333333335, 0.4596766666666666, 0.47622, 0.47097, 0.47442333333333336, 0.4578, 0.45836666666666664, 0.4694666666666667, 0.46412333333333333, 0.46936333333333324, 0.47114333333333336, 0.45022333333333336, 0.45941000000000004, 0.4656433333333333, 0.45835666666666675, 0.4876866666666667, 0.5175333333333334, 0.5484266666666666, 0.5610733333333332, 0.5759099999999999, 0.5691633333333334, 0.5879933333333333, 0.5903900000000001, 0.6002066666666666, 0.61813, 0.6211300000000001, 0.62854, 0.6333966666666667, 0.6363666666666667, 0.6360233333333334, 0.6466366666666669, 0.6527866666666668, 0.6491900000000002, 0.6671866666666665, 0.6710966666666667, 0.6764533333333331, 0.6796333333333334, 0.68206, 0.6930833333333333, 0.6928733333333333, 0.6919233333333333, 0.6891033333333335, 0.6969500000000001, 0.6977200000000002, 0.7007066666666667, 0.69958, 0.70835, 0.7080633333333333, 0.7075866666666665, 0.71495, 0.7179266666666667, 0.7203899999999999, 0.7169333333333334, 0.7222966666666667, 0.7274666666666668, 0.7235499999999999], "test_loss": [9.013313333333334, 8.441056666666665, 7.890266666666666, 7.497826666666666, 7.160706666666666, 6.859076666666667, 6.594723333333333, 6.819173333333334, 6.8348233333333335, 6.976843333333332, 6.971376666666667, 6.929329999999999, 6.902266666666666, 6.846556666666666, 8.423956666666665, 8.316513333333335, 8.287386666666666, 8.098933333333333, 8.065623333333333, 7.28478, 6.928966666666668, 6.500916666666666, 6.273603333333331, 6.0660066666666665, 7.296320000000001, 7.0465599999999995, 6.872613333333334, 6.677336666666668, 6.543959999999999, 6.552310000000002, 6.45792, 6.35514, 6.358260000000001, 6.282026666666667, 7.102083333333335, 6.925303333333333, 7.009526666666668, 6.9209733333333325, 6.684219999999999, 6.850033333333333, 6.747573333333333, 6.725163333333333, 6.52798, 6.5482933333333335, 7.394316666666667, 7.480263333333334, 7.258053333333335, 7.246746666666667, 7.219903333333335, 8.051756666666666, 7.887296666666667, 7.923503333333333, 7.933586666666667, 7.820620000000001, 8.55115, 8.558203333333333, 8.730693333333333, 8.58963, 8.423300000000003, 9.330133333333333]}