{"test_accuracy": [0.36265666666666657, 0.46364000000000005, 0.5298133333333335, 0.5551200000000001, 0.5899599999999999, 0.6251766666666667, 0.6396800000000001, 0.6635266666666667, 0.6708733333333333, 0.6967333333333333, 0.6977700000000001, 0.7154333333333334, 0.7129466666666668, 0.7208899999999999, 0.7279533333333332, 0.7270166666666665, 0.7490933333333333, 0.7445433333333332, 0.7466533333333333, 0.74872, 0.7531033333333335, 0.7552300000000002, 0.7511133333333333, 0.76474, 0.7632466666666665, 0.7619333333333334, 0.7705766666666667, 0.7681033333333332, 0.7747733333333334, 0.7757033333333335, 0.7695733333333334, 0.7779566666666666, 0.7816566666666667, 0.7845266666666667, 0.78392, 0.7830366666666667, 0.7867766666666667, 0.78586, 0.7840333333333335, 0.7863633333333333, 0.7842433333333333, 0.7896066666666667, 0.7796633333333333, 0.7863133333333334, 0.7879533333333334, 0.7868866666666665, 0.7876233333333335, 0.7902633333333334, 0.7910299999999998, 0.7879733333333335, 0.78794, 0.7944533333333335, 0.7928666666666666, 0.7881833333333333, 0.7906, 0.7944866666666665, 0.7900166666666667, 0.7872799999999999, 0.7903333333333334, 0.7918533333333332], "test_loss": [6.756983333333334, 5.464823333333333, 4.885229999999999, 4.63272, 4.5857366666666675, 4.336040000000001, 4.085053333333333, 3.8685700000000005, 3.7715066666666672, 3.820506666666667, 3.795286666666667, 3.583, 3.628136666666666, 3.4045666666666667, 3.64792, 3.6899366666666666, 3.5209966666666666, 3.4383666666666666, 3.43774, 3.841666666666667, 3.7514466666666673, 3.80801, 3.767276666666666, 3.61408, 3.98545, 4.017576666666667, 3.8073266666666665, 3.9107, 3.7893833333333333, 4.0641333333333325, 4.1558866666666665, 4.148853333333332, 4.15135, 3.989036666666666, 4.44887, 4.453476666666666, 4.433203333333334, 4.47608, 4.533836666666667, 4.864366666666666, 4.928450000000001, 4.8553966666666675, 5.066610000000001, 4.9266499999999995, 5.3399166666666655, 5.40406, 5.4864500000000005, 5.402396666666667, 5.361906666666667, 6.051603333333334, 6.062750000000002, 6.109543333333335, 6.081789999999998, 6.104919999999999, 6.7213433333333334, 6.868416666666666, 6.98727, 7.046526666666666, 6.818650000000002, 7.637533333333335]}