{"test_accuracy": [1.0, 1.0, 1.0, 1.0, 0.49289, 0.49927333333333335, 0.4939633333333333, 0.49132666666666663, 0.49639666666666665, 0.24155666666666664, 0.23512333333333335, 0.24058333333333337, 0.23889666666666665, 0.23575666666666661, 0.4330866666666667, 0.43026666666666663, 0.43277000000000004, 0.43244999999999995, 0.42810999999999994, 0.5979566666666667, 0.6044966666666667, 0.6063266666666667, 0.6069933333333334, 0.6057733333333333, 0.59711, 0.5956633333333333, 0.60283, 0.6002066666666667, 0.5980666666666667, 0.6006366666666667, 0.6041033333333333, 0.6073233333333333, 0.6187033333333333, 0.64537, 0.6471100000000001, 0.6657466666666667, 0.6558266666666667, 0.6740033333333333, 0.6900366666666666, 0.6785966666666667, 0.68371, 0.6928633333333334, 0.72008, 0.74583, 0.75765, 0.7773233333333334, 0.7885233333333334, 0.8000066666666668, 0.8037566666666667, 0.8202800000000001, 0.83134, 0.8404466666666667, 0.7626166666666667, 0.7635166666666666, 0.7749966666666667, 0.7773933333333334, 0.7759966666666667, 0.7891433333333333, 0.7768200000000001, 0.796], "test_loss": [9.152909999999997, 8.003126666666667, 8.059286666666665, 8.110493333333332, 8.751273333333332, 8.744483333333335, 8.75216, 8.756886666666666, 8.749396666666666, 9.057243333333332, 9.065896666666667, 9.058843333333334, 9.060603333333335, 9.064890000000002, 11.482843333333332, 11.485473333333335, 11.48183, 11.483466666666665, 11.48367, 11.533603333333332, 11.53834, 11.523763333333333, 11.521716666666668, 11.521339999999999, 13.83988333333333, 13.83113, 13.825349999999998, 13.827190000000002, 13.812579999999999, 13.807559999999999, 13.81161, 13.765193333333334, 13.527686666666666, 13.433046666666664, 15.593163333333335, 15.582030000000001, 15.560846666666668, 15.51574333333333, 15.47178, 16.08018, 16.023540000000004, 15.943633333333334, 15.797806666666666, 15.735356666666666, 17.08734666666667, 17.01429333333333, 16.930899999999998, 16.91335, 16.848409999999998, 18.79150333333333, 18.645536666666665, 18.62887, 19.768800000000002, 19.834956666666667, 21.975973333333332, 21.95222, 21.94539666666667, 21.931506666666664, 21.875499999999995, 23.811670000000003]}