{"test_accuracy": [0.4725833333333333, 0.7729999999999999, 0.8795833333333334, 0.9225833333333333, 0.9342733333333333, 0.9366333333333333, 0.9443266666666666, 0.95076, 0.9507466666666666, 0.9559366666666668, 0.9572800000000001, 0.9637833333333334, 0.9639033333333333, 0.9641433333333335, 0.9672800000000001, 0.9717799999999998, 0.9720366666666667, 0.9719766666666665, 0.9765, 0.9784166666666667, 0.97851, 0.9810233333333331, 0.9829600000000001, 0.98458, 0.9838133333333332, 0.9862199999999999, 0.9841966666666665, 0.9861399999999999, 0.9861499999999999, 0.9882866666666668, 0.98683, 0.9882966666666666, 0.9867600000000001, 0.9879333333333332, 0.9870300000000001, 0.9904533333333334, 0.9881666666666665, 0.9886533333333333, 0.9893566666666668, 0.9886900000000001, 0.9894266666666666, 0.9899333333333333, 0.9901933333333334, 0.9894433333333333, 0.9902833333333334, 0.9898466666666668, 0.9900199999999999, 0.9899566666666665, 0.9904266666666665, 0.9904966666666666, 0.9902833333333334, 0.99047, 0.99076, 0.9902500000000001, 0.9906833333333335, 0.9915399999999999, 0.9916900000000001, 0.9919533333333334, 0.9921533333333333, 0.99181], "test_loss": [8.679733333333333, 6.35926, 3.397113333333333, 2.0389033333333333, 1.4861466666666665, 1.1434566666666663, 0.9037700000000001, 0.7663700000000001, 0.7252666666666665, 0.6261166666666667, 0.7851233333333334, 0.5092066666666667, 0.5051466666666666, 0.49395333333333336, 0.5290033333333333, 0.44297, 0.41069666666666665, 0.4275399999999999, 0.35985, 0.34171333333333326, 0.3345133333333334, 0.2908966666666667, 0.2634366666666667, 0.25044666666666665, 0.3131933333333333, 0.2547966666666666, 0.24038666666666667, 0.2604166666666667, 0.31008, 0.22101, 0.22749666666666668, 0.21042333333333332, 0.23269999999999996, 0.21567666666666666, 0.28101000000000004, 0.21079, 0.26489333333333337, 0.24655666666666667, 0.22335666666666668, 0.24392000000000003, 0.22271333333333335, 0.22478, 0.21399666666666664, 0.22077666666666665, 0.2492166666666667, 0.21978333333333336, 0.23605666666666666, 0.23924333333333336, 0.2194633333333333, 0.2522266666666667, 0.26776666666666665, 0.2394133333333333, 0.2602966666666667, 0.2793933333333333, 0.26922, 0.29667666666666664, 0.2700833333333333, 0.27219000000000004, 0.2331033333333333, 0.26768000000000003]}