{"test_accuracy": [0.9604166666666668, 0.9744166666666668, 0.98225, 0.9815833333333334, 0.9827166666666669, 0.9867933333333335, 0.9875466666666667, 0.9877033333333335, 0.9901066666666669, 0.99037, 0.99024, 0.9898333333333333, 0.9890766666666667, 0.9912033333333333, 0.99134, 0.9924633333333333, 0.9913966666666666, 0.99258, 0.9919066666666666, 0.9918066666666667, 0.9902433333333335, 0.9924366666666669, 0.9905166666666666, 0.992486666666667, 0.9923566666666666, 0.9926033333333333, 0.9928033333333333, 0.9920166666666665, 0.99235, 0.9935899999999999, 0.99335, 0.9936199999999998, 0.9920733333333334, 0.9924233333333332, 0.9922566666666666, 0.9917033333333334, 0.9933733333333332, 0.99269, 0.9931466666666667, 0.9939633333333333, 0.9932366666666667, 0.9924700000000001, 0.9937366666666667, 0.9921366666666664, 0.9929466666666666, 0.9928933333333333, 0.9934533333333333, 0.9919499999999999, 0.9929366666666666, 0.9928699999999999, 0.9923299999999998, 0.99335, 0.9937633333333332, 0.9930200000000001, 0.9923933333333333, 0.9924833333333335, 0.99347, 0.9930933333333333, 0.9939566666666667, 0.9934000000000001], "test_loss": [0.5128333333333334, 0.3094066666666666, 0.1983566666666667, 0.2750633333333333, 0.21438999999999997, 0.1522433333333333, 0.14616666666666667, 0.13293666666666668, 0.13099333333333335, 0.11473, 0.11778000000000001, 0.12465000000000001, 0.12584, 0.10228333333333332, 0.13095666666666667, 0.10460666666666667, 0.12168333333333335, 0.11769999999999999, 0.11914000000000002, 0.11373333333333331, 0.14948333333333333, 0.11839333333333334, 0.12199333333333331, 0.10707666666666665, 0.13046, 0.14880666666666667, 0.1467133333333333, 0.1533833333333333, 0.12823, 0.12296, 0.11778999999999999, 0.12172999999999999, 0.14524666666666666, 0.14105666666666664, 0.17959000000000003, 0.17278000000000002, 0.14355666666666667, 0.16156, 0.15665666666666667, 0.13549666666666665, 0.15732000000000002, 0.16352666666666668, 0.14996333333333334, 0.18159, 0.18366333333333335, 0.19956333333333331, 0.18415666666666664, 0.2072, 0.19817333333333337, 0.22798999999999997, 0.2258166666666667, 0.18332, 0.19122666666666666, 0.2057833333333333, 0.23629666666666665, 0.22921, 0.23443, 0.23213999999999996, 0.22064333333333333, 0.25566333333333335]}