{"test_accuracy": [0.9440833333333334, 0.9765833333333334, 0.9836666666666666, 0.9860833333333334, 0.9872499999999997, 0.9898333333333332, 0.9875, 0.9899999999999999, 0.99025, 0.9906666666666666, 0.9894999999999999, 0.9919166666666667, 0.9923333333333333, 0.9938333333333335, 0.9918333333333335, 0.9931666666666668, 0.9940833333333335, 0.9913333333333332, 0.9920833333333333, 0.9935000000000002, 0.9918333333333332, 0.99325, 0.9930833333333333, 0.9924999999999999, 0.9926666666666666, 0.9924166666666666, 0.9916666666666667, 0.9940000000000001, 0.9934166666666666, 0.9921666666666665, 0.9949166666666668, 0.9939166666666667, 0.9934999999999998, 0.9936666666666667, 0.9938333333333333, 0.9931666666666668, 0.9932500000000001, 0.9920833333333333, 0.9924166666666666, 0.9941666666666666, 0.9927499999999999, 0.9938333333333332, 0.9927499999999999, 0.9925833333333334, 0.9925833333333334, 0.9934166666666667, 0.9936666666666667, 0.9934166666666665, 0.9931666666666666, 0.9932500000000001, 0.9934166666666667, 0.9939166666666667, 0.9946666666666666, 0.9935833333333332, 0.994, 0.99425, 0.994, 0.9930833333333332, 0.99425, 0.9920833333333333, 0.9931666666666666, 0.9936666666666666, 0.9940833333333334, 0.9941666666666666, 0.9940833333333335, 0.9938333333333333, 0.9944166666666667, 0.9934999999999998, 0.9951666666666666, 0.9944166666666666, 0.9943333333333332, 0.9939166666666667, 0.9934999999999998, 0.9925833333333335, 0.9926666666666666, 0.9944166666666667, 0.9945, 0.9939999999999999, 0.9936666666666667, 0.9944166666666667, 0.9935833333333332, 0.9946666666666666, 0.9949999999999999, 0.9946666666666667, 0.9944166666666665, 0.9946666666666667, 0.9941666666666668, 0.99375, 0.9954166666666666, 0.99425, 0.9930000000000001, 0.9945833333333334, 0.9926666666666667, 0.9951666666666666, 0.9946666666666665, 0.9941666666666666, 0.9946666666666667, 0.9934999999999998, 0.9950833333333333, 0.99425], "test_loss": [1.7414366666666667, 0.27704000000000006, 0.1957566666666667, 0.14503333333333332, 0.15068666666666664, 0.14174333333333333, 0.14751666666666668, 0.1401466666666667, 0.15683, 0.13443333333333332, 0.14604333333333336, 0.11411333333333333, 0.10666333333333332, 0.07268333333333334, 0.11145333333333336, 0.08995666666666666, 0.08184666666666668, 0.10087, 0.12068666666666668, 0.07843, 0.09092666666666666, 0.08196666666666669, 0.09524, 0.08671666666666665, 0.07505666666666667, 0.10234666666666666, 0.07693666666666665, 0.06609, 0.08387333333333333, 0.11031999999999999, 0.07559333333333335, 0.07160000000000001, 0.07647666666666667, 0.07036666666666667, 0.06765333333333334, 0.10545666666666668, 0.06847666666666667, 0.09203666666666667, 0.11678000000000001, 0.06713666666666666, 0.10569666666666667, 0.0909533333333333, 0.12136333333333332, 0.08198333333333332, 0.09086, 0.13707666666666668, 0.06438333333333333, 0.07340333333333333, 0.06726000000000001, 0.0887866666666667, 0.07422333333333334, 0.06749999999999998, 0.06692999999999999, 0.09236666666666667, 0.08416666666666668, 0.056659999999999995, 0.07027666666666668, 0.09522000000000001, 0.08154333333333333, 0.15436, 0.10544666666666666, 0.0802, 0.06421666666666669, 0.09551666666666667, 0.09630000000000002, 0.07683333333333334, 0.07837000000000001, 0.08595333333333333, 0.05673333333333333, 0.08337666666666665, 0.09416666666666668, 0.10746666666666667, 0.10712333333333332, 0.09949666666666669, 0.09258000000000001, 0.10436999999999999, 0.07341333333333333, 0.0819, 0.11582666666666667, 0.07976, 0.08012666666666667, 0.06686666666666666, 0.07980333333333332, 0.07365333333333333, 0.08021333333333333, 0.13564, 0.07865000000000003, 0.12289666666666665, 0.07825666666666665, 0.10090333333333333, 0.09108333333333334, 0.11281, 0.12351, 0.07665000000000001, 0.11905333333333333, 0.07025333333333333, 0.08663999999999998, 0.0766, 0.07571666666666665, 0.08420000000000001]}