{"test_accuracy": [0.9423333333333332, 0.975, 0.9790000000000002, 0.9839166666666668, 0.9851666666666666, 0.9861666666666667, 0.9876666666666666, 0.9891666666666665, 0.9895, 0.9909999999999999, 0.9904166666666665, 0.9906666666666667, 0.9894166666666665, 0.9911666666666668, 0.9910833333333333, 0.9912499999999999, 0.9905833333333333, 0.9909999999999999, 0.9905000000000002, 0.9919166666666668, 0.9912500000000002, 0.9926666666666667, 0.9929166666666667, 0.991, 0.9914166666666665, 0.9925, 0.9927499999999999, 0.9910833333333332, 0.9920833333333333, 0.9915833333333333, 0.9934999999999998, 0.9935833333333334, 0.99225, 0.9923333333333331, 0.9935833333333335, 0.9919999999999999, 0.993, 0.9934166666666666, 0.9923333333333333, 0.99375, 0.9928333333333332, 0.9935833333333333, 0.9916666666666667, 0.9936666666666665, 0.9934166666666667, 0.9926666666666667, 0.9936666666666666, 0.9932500000000001, 0.9935000000000002, 0.9944166666666666, 0.99325, 0.9920833333333334, 0.9932499999999999, 0.9937500000000001, 0.9954166666666666, 0.9946666666666667, 0.9928333333333335, 0.9927499999999997, 0.993, 0.9925833333333334, 0.9930833333333333, 0.9943333333333333, 0.9940833333333331, 0.9931666666666668, 0.9938333333333331, 0.9941666666666669, 0.9934166666666667, 0.9935833333333334, 0.9927500000000001, 0.9944166666666665, 0.99425, 0.9945833333333334, 0.9928333333333333, 0.9928333333333335, 0.9934999999999998, 0.99425, 0.9939999999999999, 0.9934999999999999, 0.9930833333333333, 0.9941666666666666, 0.9930833333333332, 0.99375, 0.9949999999999999, 0.9941666666666665, 0.9934999999999999, 0.9939166666666667, 0.99375, 0.9946666666666667, 0.9936666666666666, 0.9944166666666665, 0.9945833333333334, 0.9939166666666667, 0.9926666666666665, 0.9945833333333334, 0.9941666666666666, 0.9941666666666666, 0.9927500000000001, 0.9955833333333334, 0.9944166666666666, 0.9943333333333332], "test_loss": [1.7146433333333333, 0.3115066666666666, 0.25254666666666664, 0.17276666666666665, 0.1778266666666667, 0.15589, 0.17281999999999995, 0.13608333333333336, 0.12761999999999998, 0.09769333333333334, 0.13614, 0.10370333333333331, 0.11638333333333332, 0.10305000000000002, 0.13198333333333334, 0.10064, 0.10220333333333337, 0.08457666666666667, 0.10459333333333333, 0.11556333333333332, 0.09625666666666666, 0.08592666666666667, 0.07807000000000001, 0.09779, 0.13336, 0.09081333333333333, 0.10659666666666667, 0.10993000000000001, 0.1251833333333333, 0.08486666666666667, 0.06893666666666667, 0.07846666666666667, 0.09976666666666666, 0.09993999999999999, 0.07200999999999999, 0.09910000000000001, 0.08945, 0.08047666666666667, 0.09406000000000002, 0.07543333333333334, 0.09766666666666664, 0.09548666666666668, 0.12395999999999999, 0.09582666666666668, 0.13460333333333332, 0.09178666666666666, 0.06053666666666666, 0.08765666666666669, 0.07622666666666666, 0.08949999999999998, 0.07948333333333334, 0.12043333333333332, 0.09387000000000002, 0.08236, 0.06035333333333334, 0.07568666666666667, 0.08942999999999998, 0.08085666666666666, 0.07820999999999999, 0.10656333333333336, 0.08407000000000002, 0.07491666666666669, 0.08549333333333335, 0.09584666666666665, 0.09175, 0.07888333333333336, 0.08672, 0.09032666666666667, 0.10025333333333333, 0.07224, 0.08604333333333335, 0.10593666666666665, 0.10457333333333332, 0.09970666666666665, 0.09367666666666666, 0.11368666666666669, 0.08566666666666665, 0.08432666666666666, 0.09759333333333334, 0.08516666666666665, 0.11718, 0.09895666666666666, 0.08864333333333332, 0.07838333333333332, 0.13310333333333332, 0.07308, 0.13253, 0.08455333333333334, 0.12354666666666667, 0.10799666666666666, 0.06977000000000001, 0.07785333333333333, 0.12388999999999999, 0.10999999999999997, 0.06698, 0.08828666666666665, 0.15637333333333334, 0.07966666666666668, 0.08278999999999997, 0.10014000000000002]}