{"test_accuracy": [0.7623333333333334, 0.971, 0.9800833333333333, 0.9826666666666667, 0.9859166666666667, 0.98675, 0.9895, 0.9903333333333334, 0.9904166666666666, 0.99075, 0.9895833333333333, 0.9903333333333334, 0.9915, 0.9913333333333334, 0.9896666666666666, 0.9919166666666667, 0.9914166666666665, 0.9918333333333333, 0.993, 0.9914999999999999, 0.9915833333333333, 0.9938333333333333, 0.9926666666666667, 0.9931666666666666, 0.9924166666666667, 0.99175, 0.9935833333333334, 0.9921666666666666, 0.9934166666666667, 0.9920000000000001, 0.99375, 0.9939166666666667, 0.994, 0.9935833333333334, 0.99425, 0.9915833333333334, 0.9931666666666668, 0.9934166666666665, 0.9935000000000002, 0.9929999999999999, 0.9930000000000001, 0.994, 0.9943333333333335, 0.9936666666666665, 0.9923333333333333, 0.9939166666666667, 0.9933333333333334, 0.9943333333333332, 0.9929166666666667, 0.9931666666666666, 0.9928333333333333, 0.9938333333333332, 0.9933333333333334, 0.9919999999999998, 0.99375, 0.9916666666666667, 0.9933333333333333, 0.9934166666666668, 0.9945000000000002, 0.9927500000000001, 0.99325, 0.9925000000000002, 0.9933333333333333, 0.9949999999999999, 0.9927499999999998, 0.9934999999999999, 0.9944166666666666, 0.9915833333333335, 0.9939166666666668, 0.9933333333333333, 0.9929166666666666, 0.9921666666666665, 0.9943333333333333, 0.9936666666666667, 0.9923333333333332, 0.9941666666666668, 0.9941666666666665, 0.99375, 0.9931666666666669, 0.9936666666666666, 0.9929999999999999, 0.9944999999999999, 0.9928333333333335, 0.9939166666666667, 0.9939166666666666, 0.9936666666666666, 0.9923333333333333, 0.9938333333333332, 0.9941666666666666, 0.9923333333333333, 0.9922500000000001, 0.994, 0.9925833333333334, 0.9931666666666666, 0.9933333333333333, 0.9928333333333333, 0.9925833333333334, 0.9946666666666667, 0.9941666666666668, 0.9933333333333333], "test_loss": [5.986433333333332, 0.3457066666666667, 0.2733966666666667, 0.21000333333333335, 0.16301333333333332, 0.15521000000000001, 0.14038333333333333, 0.13367333333333334, 0.12036666666666668, 0.1183, 0.17189333333333331, 0.10269666666666667, 0.09731333333333334, 0.09415333333333334, 0.12999, 0.09984333333333334, 0.12681666666666666, 0.08768666666666668, 0.11844, 0.10760666666666667, 0.09841333333333331, 0.06688666666666666, 0.08731333333333335, 0.0818, 0.09593, 0.09180333333333333, 0.09045, 0.09326999999999999, 0.07343333333333334, 0.08679999999999997, 0.08068999999999998, 0.08957666666666665, 0.07412666666666667, 0.11344333333333335, 0.10536999999999999, 0.11184666666666666, 0.10995666666666667, 0.08213666666666666, 0.08379333333333333, 0.10598666666666666, 0.11640333333333333, 0.09553333333333333, 0.07421000000000001, 0.09625333333333332, 0.12888333333333332, 0.06885666666666666, 0.07143000000000002, 0.11555666666666667, 0.09649333333333335, 0.11468999999999999, 0.09309666666666667, 0.10554333333333335, 0.10828333333333333, 0.09949666666666666, 0.10597333333333334, 0.10303333333333332, 0.10358999999999997, 0.08459000000000001, 0.07438666666666667, 0.13516666666666666, 0.07811, 0.09396000000000002, 0.08737333333333333, 0.07554666666666666, 0.09928666666666668, 0.08096666666666666, 0.07002333333333334, 0.09685666666666666, 0.08606333333333334, 0.08273333333333334, 0.12141333333333333, 0.08950999999999999, 0.0747166666666667, 0.11325333333333334, 0.12095666666666666, 0.10217666666666667, 0.08046666666666667, 0.09524, 0.08589666666666668, 0.08190333333333331, 0.10461666666666666, 0.08362, 0.12034333333333333, 0.07507333333333334, 0.06884333333333334, 0.09362333333333332, 0.11769333333333333, 0.10341666666666668, 0.09555, 0.14159666666666665, 0.08518333333333335, 0.07714666666666666, 0.0839, 0.10149999999999997, 0.11558000000000002, 0.10426666666666665, 0.11832333333333335, 0.08254666666666667, 0.07389333333333332, 0.09996333333333332]}