{"test_accuracy": [0.9318066666666667, 0.9654466666666668, 0.9779066666666666, 0.9812266666666666, 0.9851399999999999, 0.9848966666666666, 0.9888266666666666, 0.9850666666666668, 0.9910066666666667, 0.9883366666666666, 0.98838, 0.99198, 0.99116, 0.9912966666666666, 0.9915100000000001, 0.9912799999999999, 0.9916233333333333, 0.99284, 0.9918233333333333, 0.9906799999999999, 0.99201, 0.9921466666666667, 0.9753766666666667, 0.9902899999999998, 0.9918666666666667, 0.9918600000000002, 0.9917833333333334, 0.9931133333333333, 0.9925466666666666, 0.9911633333333333, 0.9915433333333332, 0.9938833333333335, 0.9928100000000001, 0.9933666666666666, 0.9926133333333333, 0.9936133333333335, 0.9928100000000002, 0.99229, 0.9928400000000003, 0.9927666666666666, 0.9934733333333334, 0.9944066666666667, 0.9923133333333333, 0.9942833333333334, 0.9941466666666667, 0.9934499999999999, 0.9944366666666666, 0.9936166666666666, 0.9937233333333334, 0.99201, 0.9933533333333333, 0.99346, 0.9933633333333334, 0.9937966666666666, 0.9930766666666667, 0.99285, 0.9939300000000001, 0.9927266666666664, 0.9938433333333333, 0.9928866666666667], "test_loss": [7.11152, 0.38537999999999994, 0.27230666666666664, 0.18740666666666667, 0.17529999999999996, 0.14444333333333334, 0.11803333333333334, 0.15711666666666665, 0.12043333333333334, 0.1084133333333333, 0.11420000000000001, 0.09471000000000003, 0.09351333333333332, 0.09985999999999999, 0.13083333333333333, 0.10007999999999997, 0.11355, 0.11851000000000003, 0.09126666666666666, 0.10431333333333333, 0.09078333333333334, 0.08365666666666664, 0.3174566666666667, 0.09668333333333336, 0.09452666666666666, 0.08915666666666668, 0.10009666666666667, 0.08460333333333335, 0.081, 0.10529666666666665, 0.10454000000000002, 0.11636000000000002, 0.11044000000000002, 0.09527, 0.10226333333333336, 0.07762, 0.09931333333333332, 0.10066333333333333, 0.09868, 0.07657, 0.10583333333333332, 0.07413, 0.08159999999999999, 0.08275333333333333, 0.08163333333333332, 0.08694666666666667, 0.0867, 0.09921666666666666, 0.09923666666666665, 0.09372666666666667, 0.11136, 0.09226666666666669, 0.09982333333333333, 0.09686333333333334, 0.10062333333333333, 0.09963333333333332, 0.08052666666666669, 0.09283000000000001, 0.09963666666666665, 0.12403333333333334]}