{"test_accuracy": [0.1713333333333333, 0.27025, 0.31074999999999997, 0.336, 0.3544166666666666, 0.37891666666666673, 0.40658333333333335, 0.428, 0.45733333333333337, 0.47908333333333336, 0.48941666666666667, 0.5125833333333334, 0.5104166666666666, 0.5231666666666667, 0.5394166666666665, 0.54725, 0.5558333333333334, 0.5586666666666666, 0.5669166666666666, 0.5607500000000001, 0.5583333333333332, 0.5828333333333333, 0.5835, 0.5849166666666665, 0.5881666666666667, 0.6038333333333334, 0.6010833333333333, 0.6035, 0.6170000000000001, 0.6188333333333332, 0.6289166666666667, 0.6349166666666666, 0.6384166666666667, 0.6395833333333333, 0.6429999999999999, 0.6505833333333334, 0.6574166666666666, 0.6660833333333334, 0.6600833333333332, 0.6553333333333333, 0.655, 0.6634166666666668, 0.6709166666666667, 0.6746666666666667, 0.6808333333333331, 0.668, 0.68425, 0.6878333333333332, 0.6876666666666666, 0.68925, 0.6884166666666665, 0.7000833333333336, 0.6947499999999998, 0.7019999999999998, 0.69825, 0.7026666666666667, 0.7074166666666668, 0.7146666666666667, 0.711, 0.7093333333333333], "test_loss": [8.88365, 8.206616666666667, 7.707353333333332, 7.44476, 7.212573333333334, 6.958086666666666, 6.774476666666667, 6.551773333333333, 6.341646666666666, 6.153763333333332, 5.97751, 5.80855, 5.689343333333334, 5.592366666666667, 5.413783333333332, 5.306466666666668, 5.203923333333334, 5.134836666666667, 5.042273333333333, 5.12001, 5.01476, 4.888203333333333, 4.893730000000001, 4.820460000000001, 4.781946666666668, 4.73744, 4.635503333333333, 4.612036666666667, 4.421760000000001, 4.441819999999999, 4.367860000000001, 4.3273600000000005, 4.206876666666667, 4.243593333333334, 4.152640000000001, 4.066286666666667, 3.9952166666666664, 3.932446666666667, 3.9965933333333337, 3.9898866666666666, 3.91366, 3.8335999999999997, 3.8179133333333337, 3.75866, 3.7102366666666664, 3.798249999999999, 3.6304466666666664, 3.6438066666666655, 3.629566666666667, 3.554983333333333, 3.60941, 3.461006666666667, 3.451693333333333, 3.5416900000000004, 3.4698166666666665, 3.352366666666667, 3.3225366666666662, 3.3562366666666668, 3.28954, 3.4510799999999997]}