{"test_accuracy": [0.3731666666666667, 0.4283333333333334, 0.47250000000000003, 0.5065833333333333, 0.5478333333333334, 0.5710000000000001, 0.5834166666666667, 0.6104166666666667, 0.6259166666666668, 0.6354166666666667, 0.64725, 0.6638333333333335, 0.6725833333333333, 0.6815, 0.6981666666666667, 0.6965833333333334, 0.7092499999999998, 0.7130833333333334, 0.7196666666666667, 0.7229166666666668, 0.7248333333333331, 0.7299999999999999, 0.7320833333333333, 0.7350833333333334, 0.7374166666666667, 0.7505000000000002, 0.7415833333333333, 0.7466666666666666, 0.7484166666666666, 0.7532500000000001, 0.7599166666666667, 0.7594166666666669, 0.7589999999999998, 0.7638333333333333, 0.7649999999999999, 0.7611666666666665, 0.7685833333333334, 0.7666666666666667, 0.7748333333333335, 0.77175, 0.7675, 0.7761666666666666, 0.7769999999999998, 0.7748333333333334, 0.779, 0.7753333333333333, 0.7757499999999999, 0.7830833333333335, 0.7724166666666665, 0.7830833333333334, 0.7808333333333334, 0.7858333333333333, 0.78075, 0.7865833333333333, 0.7856666666666668, 0.7910000000000003, 0.7814166666666666, 0.7856666666666668, 0.7761666666666667, 0.7918333333333333], "test_loss": [7.245089999999999, 6.308106666666666, 5.807553333333333, 5.49065, 5.116643333333332, 4.86541, 4.696423333333333, 4.52532, 4.319243333333333, 4.269006666666667, 4.1158166666666665, 3.7988333333333335, 3.758576666666666, 3.6848933333333336, 3.6092133333333325, 3.5063566666666666, 3.421296666666666, 3.370493333333333, 3.305883333333334, 3.227303333333332, 3.2263599999999997, 3.166433333333333, 3.1698333333333335, 3.078546666666667, 3.033843333333334, 2.9303300000000005, 3.0174600000000007, 2.9456033333333336, 2.9594799999999992, 2.892506666666667, 2.8901300000000005, 2.852406666666667, 2.814859999999999, 2.8366933333333333, 2.7504266666666664, 2.7902666666666667, 2.73438, 2.7140166666666663, 2.7303133333333336, 2.676863333333333, 2.6614766666666663, 2.679766666666666, 2.7578733333333334, 2.785896666666667, 2.6518233333333336, 2.7742866666666672, 2.714403333333333, 2.540186666666666, 2.81781, 2.5987166666666663, 2.7171333333333334, 2.6807466666666664, 2.790663333333333, 2.570463333333334, 2.7115199999999997, 2.615103333333333, 2.6728066666666663, 2.4909600000000003, 2.7944333333333327, 2.730816666666667]}