{"test_accuracy": [0.279, 0.09533333333333331, 0.09908333333333333, 0.1, 0.1, 0.1265, 0.07875, 0.1, 0.10033333333333333, 0.12200000000000001, 0.10008333333333333, 0.10141666666666667, 0.10016666666666667, 0.1, 0.08949, 0.07224000000000001, 0.10464666666666668, 0.10136333333333333, 0.12987, 0.09196666666666667, 0.12672999999999998, 0.09294666666666666, 0.08767666666666667, 0.08984333333333332, 0.08717, 0.13355333333333336, 0.13442, 0.09061333333333335, 0.12869, 0.12537666666666664, 0.1399633333333333, 0.08577666666666665, 0.09247999999999998, 0.13670666666666667, 0.14207333333333333, 0.07973999999999999, 0.07417000000000001, 0.12432000000000001, 0.1382833333333333, 0.10142000000000001, 0.08391333333333333, 0.12705666666666668, 0.07458666666666665, 0.1237966666666667, 0.1269866666666667, 0.07612333333333332, 0.07587666666666666, 0.10500666666666666, 0.11999000000000001, 0.16657333333333338, 0.21269666666666667, 0.23301, 0.25672666666666666, 0.26576666666666665, 0.27787, 0.29182, 0.3051766666666667, 0.3228666666666667, 0.32843, 0.33725], "test_loss": [9.046803333333335, 9.294113333333334, 9.321570000000001, 9.288103333333334, 9.287823333333334, 9.48926333333333, 9.790746666666665, 10.17808, 11.14399, 10.904603333333332, 10.49910666666667, 9.931566666666665, 9.679160000000001, 9.907336666666668, 10.009433333333332, 9.856349999999999, 10.294279999999999, 10.679380000000002, 10.04986, 10.104729999999998, 9.848846666666669, 9.925726666666666, 10.1561, 9.696106666666669, 10.046343333333333, 9.992590000000002, 9.909709999999999, 9.935336666666666, 9.862016666666666, 10.37373, 9.906336666666668, 10.196956666666667, 9.915406666666664, 9.788663333333334, 9.985663333333331, 9.933463333333332, 9.867223333333332, 9.890269999999997, 10.174683333333336, 10.158489999999999, 10.06497, 10.09231, 10.028143333333334, 9.790803333333335, 11.632793333333332, 11.69208666666667, 11.691820000000002, 11.574853333333335, 11.217806666666664, 10.711830000000003, 10.268416666666667, 9.980533333333335, 9.794146666666668, 9.600213333333333, 9.433646666666668, 9.369940000000001, 9.129366666666666, 8.99417, 8.873149999999999, 8.765116666666668]}