{"test_accuracy": [1.0, 1.0, 1.0, 1.0, 1.0, 1.0, 1.0, 1.0, 1.0, 1.0, 1.0, 1.0, 1.0, 1.0, 1.0, 1.0, 1.0, 1.0, 1.0, 1.0, 1.0, 1.0, 1.0, 1.0, 1.0, 1.0, 1.0, 1.0, 1.0, 1.0, 1.0, 1.0, 1.0, 1.0, 1.0, 1.0, 1.0, 1.0, 1.0, 1.0, 1.0, 1.0, 1.0, 1.0, 1.0, 1.0, 1.0, 1.0, 1.0, 1.0, 1.0, 1.0, 1.0, 1.0, 1.0, 1.0, 1.0, 1.0, 1.0, 1.0, 1.0, 1.0, 1.0, 1.0, 1.0, 1.0, 1.0, 1.0, 1.0, 1.0, 1.0, 1.0, 1.0, 1.0, 1.0, 1.0, 1.0, 1.0, 1.0, 1.0, 1.0, 1.0, 1.0, 1.0, 1.0, 1.0, 1.0, 1.0, 1.0, 1.0, 1.0, 1.0, 1.0, 1.0, 1.0, 1.0, 1.0, 1.0, 1.0, 1.0], "test_loss": [8.841780000000002, 10.68371, 12.989386666666665, 9.162916666666668, 9.207816666666668, 8.681999999999999, 8.377106666666666, 7.048006666666667, 6.301160000000001, 6.310486666666666, 8.161596666666666, 7.362396666666667, 6.061703333333332, 4.7114199999999995, 4.261223333333334, 4.817043333333333, 6.6814833333333326, 4.876993333333333, 3.6755933333333326, 2.8838666666666666, 2.754046666666667, 4.66313, 3.9957966666666667, 2.6679, 2.166866666666667, 2.6113666666666666, 4.617046666666666, 3.0817566666666663, 1.8573100000000002, 1.5554366666666666, 1.5395699999999997, 2.35453, 4.37797, 4.2503166666666665, 2.3125233333333335, 1.5329066666666664, 1.27215, 1.2620066666666665, 1.29872, 1.2227666666666666, 1.39037, 2.29681, 5.3847700000000005, 2.460063333333333, 1.2565566666666663, 1.03557, 0.9538533333333332, 0.9291433333333335, 0.9920199999999999, 0.9270233333333333, 0.86461, 1.0066866666666667, 1.2341000000000002, 2.7764366666666667, 4.481999999999999, 2.5057966666666673, 1.2533233333333333, 0.93707, 0.87916, 0.8097866666666668, 0.8395200000000002, 0.7908799999999999, 0.8111900000000001, 0.7755633333333333, 0.7666866666666667, 0.7280099999999998, 0.6846233333333333, 0.7003866666666666, 0.6943633333333333, 0.9270099999999999, 0.89227, 1.38829, 2.279423333333333, 3.379120000000001, 1.36484, 0.7665133333333334, 0.7000933333333333, 0.6710766666666667, 0.6299299999999998, 0.6353333333333334, 0.6256900000000001, 0.6286233333333333, 0.6163533333333334, 0.5919233333333335, 0.60636, 0.5449966666666667, 0.6530433333333332, 0.66023, 0.8634499999999999, 1.0457366666666668, 1.3710166666666663, 2.2168433333333337, 1.00044, 0.59731, 0.5156999999999999, 0.5140533333333333, 0.54939, 0.48903666666666656, 0.49567333333333324, 0.5585833333333333]}