{"test_accuracy": [0.3039324188560106, 0.11931500792645461, 0.1382395375259598, 0.29511921593501833, 0.5128094716317292, 0.4309255997830435, 0.4967906825681398, 0.5336832708164008, 0.5979988657472415, 0.4807290579279818, 0.5069315734946579, 0.4525499663713677, 0.5082066860714752, 0.7006616379658528, 0.6948129276850277, 0.548614096744909, 0.5469558394279921, 0.6159920620206978, 0.8089234820044565, 0.8001294820308638, 0.8032488347104978, 0.7071243506733127, 0.738838647608275, 0.7987588919518096, 0.8486610897521855, 0.7633491724240238, 0.6982737151746509, 0.7564659119978393, 0.9183356999320305, 0.9121383075528274, 0.8898739970017637, 0.7830462754449744, 0.7196568315029807, 0.7565314694139748, 0.8347273784554747, 0.909790800394434, 0.923108489363072, 0.9057701492868815, 0.9231390757692689, 0.9249443536147686, 0.8850153600143387, 0.768815656774198, 0.7645761439855543, 0.7774675540656768, 0.9409975265812889, 0.926831877698825, 0.9500482555703927, 0.9488845965941105, 0.9232122019212577, 0.9297897779810445, 0.9424768775947048, 0.9350563848767157, 0.9057000289028726, 0.8736314505798851, 0.8532741011157903, 0.8857444242568321, 0.9201757464226838, 0.9562575851603058, 0.9318956368220753, 0.9571105947728356, 0.9493541149313545, 0.9390126759486858, 0.951030010685782, 0.94958532946677,  0.9390109131859271, 0.9207045993431431, 0.8693013127531806, 0.8216976152772174, 0.8262682957136381, 0.8873605125209707, 0.944850779851169, 0.9448372449738777, 0.9454061299860502, 0.9385914157235262, 0.9473082712915372, 0.9557302229282177, 0.957091821648942, 0.9426804958823345, 0.9627484652594747, 0.9621180113145797, 0.9494903466113518, 0.9479199247056881, 0.9460153059296958, 0.9524766183023382, 0.955723996503018, 0.9718266453236316, 0.9452360575509975, 0.954067545838638, 0.9379434775138017, 0.9159040466938022, 0.8912137431720601, 0.9193056073553901, 0.9316364403745794, 0.9459221202023684, 0.9581759005467154, 0.9681952416236365, 0.9761110503352431, 0.9608086180212093, 0.9613166474948531, 0.9647394459047244], "test_loss": [8.841780000000002, 10.68371, 12.989386666666665, 9.162916666666668, 9.207816666666668, 8.681999999999999, 8.377106666666666, 7.048006666666667, 6.301160000000001, 6.310486666666666, 8.161596666666666, 7.362396666666667, 6.061703333333332, 4.7114199999999995, 4.261223333333334, 4.817043333333333, 6.6814833333333326, 4.876993333333333, 3.6755933333333326, 2.8838666666666666, 2.754046666666667, 4.66313, 3.9957966666666667, 2.6679, 2.166866666666667, 2.6113666666666666, 4.617046666666666, 3.0817566666666663, 1.8573100000000002, 1.5554366666666666, 1.5395699999999997, 2.35453, 4.37797, 4.2503166666666665, 2.3125233333333335, 1.5329066666666664, 1.27215, 1.2620066666666665, 1.29872, 1.2227666666666666, 1.39037, 2.29681, 5.3847700000000005, 2.460063333333333, 1.2565566666666663, 1.03557, 0.9538533333333332, 0.9291433333333335, 0.9920199999999999, 0.9270233333333333, 0.86461, 1.0066866666666667, 1.2341000000000002, 2.7764366666666667, 4.481999999999999, 2.5057966666666673, 1.2533233333333333, 0.93707, 0.87916, 0.8097866666666668, 0.8395200000000002, 0.7908799999999999, 0.8111900000000001, 0.7755633333333333, 0.7666866666666667, 0.7280099999999998, 0.6846233333333333, 0.7003866666666666, 0.6943633333333333, 0.9270099999999999, 0.89227, 1.38829, 2.279423333333333, 3.379120000000001, 1.36484, 0.7665133333333334, 0.7000933333333333, 0.6710766666666667, 0.6299299999999998, 0.6353333333333334, 0.6256900000000001, 0.6286233333333333, 0.6163533333333334, 0.5919233333333335, 0.60636, 0.5449966666666667, 0.6530433333333332, 0.66023, 0.8634499999999999, 1.0457366666666668, 1.3710166666666663, 2.2168433333333337, 1.00044, 0.59731, 0.5156999999999999, 0.5140533333333333, 0.54939, 0.48903666666666656, 0.49567333333333324, 0.5585833333333333]}