{"test_accuracy": [1.0, 1.0, 1.0, 1.0, 1.0, 1.0, 1.0, 1.0, 1.0, 0.4432633333333333, 0.4479033333333334, 0.44217666666666666, 0.4430066666666666, 0.44355333333333335, 0.4481866666666666, 0.44777333333333336, 0.44857333333333327, 0.44526, 0.44134666666666666, 0.5926600000000001, 0.5979533333333334, 0.5924766666666667, 0.5906233333333334, 0.5958633333333333, 0.5995900000000001, 0.5964266666666667, 0.5912133333333334, 0.5941700000000001, 0.5955733333333334, 0.67734, 0.6712100000000001, 0.6728466666666667, 0.6729233333333334, 0.6728000000000001, 0.6751166666666667, 0.6742233333333334, 0.6722966666666668, 0.6760733333333334, 0.67759, 0.6978433333333334, 0.6988666666666667, 0.6916033333333333, 0.6957500000000001, 0.6970433333333333, 0.6970233333333333, 0.6935100000000001, 0.6983633333333334, 0.6964766666666667, 0.6949833333333334, 0.76912, 0.76599, 0.7648733333333333, 0.7647466666666667, 0.7653266666666667, 0.7665200000000001, 0.7643866666666668, 0.7641866666666668, 0.7643866666666668, 0.7671700000000001, 0.7646900000000001], "test_loss": [9.143220000000001, 7.976536666666667, 8.05469, 8.109323333333332, 8.12631, 8.129983333333334, 8.131483333333335, 8.128316666666667, 8.125469999999998, 8.803926666666666, 8.796613333333333, 8.805703333333332, 8.804986666666668, 9.02635, 9.036766666666667, 8.842366666666665, 8.807326666666667, 8.810110000000002, 8.812433333333333, 9.09824, 9.105586666666666, 9.099150000000002, 9.096900000000002, 9.103226666666666, 9.10782, 9.103473333333334, 9.096740000000002, 9.101123333333335, 9.10289, 11.491516666666664, 11.485973333333334, 11.489473333333336, 11.4897, 11.484296666666665, 11.486113333333332, 11.49428333333333, 11.487546666666667, 11.492899999999999, 11.494320000000004, 11.572786666666666, 11.617396666666666, 11.59233, 11.599946666666666, 11.574143333333334, 11.589506666666669, 11.557889999999999, 11.570956666666666, 11.55801, 11.56153, 13.867436666666666, 13.852413333333333, 13.868826666666667, 13.86921, 13.892716666666667, 13.88089, 13.895056666666667, 13.900843333333333, 13.898413333333334, 13.890800000000002, 13.837786666666666]}