{"test_accuracy": [0.3, 0.10291666666666663, 0.10583333333333335, 0.13675, 0.10016666666666667, 0.10058333333333332, 0.10366666666666664, 0.1, 0.09958333333333334, 0.10305333333333334, 0.09809666666666667, 0.12244666666666666, 0.11595666666666667, 0.11136333333333334, 0.15212333333333333, 0.12237666666666668, 0.11111333333333334, 0.11028666666666667, 0.10827333333333332, 0.09379333333333334, 0.09841333333333334, 0.12814666666666666, 0.1386, 0.10254333333333335, 0.12700000000000003, 0.09671999999999999, 0.10490666666666666, 0.08213666666666668, 0.09590333333333333, 0.12251000000000004, 0.13080333333333333, 0.15118333333333334, 0.1589533333333333, 0.16627999999999998, 0.18225333333333327, 0.21500999999999998, 0.23768333333333336, 0.26039333333333337, 0.2951533333333334, 0.34959999999999997, 0.37271000000000004, 0.38966, 0.4242900000000001, 0.43581, 0.4550166666666666, 0.47477666666666657, 0.4897366666666666, 0.49853666666666663, 0.5115533333333333, 0.5298566666666668, 0.5525066666666667, 0.5623, 0.5665666666666667, 0.5901333333333333, 0.5969433333333333, 0.6060200000000001, 0.6133666666666666, 0.60991, 0.6285666666666667, 0.6253133333333333], "test_loss": [9.00048, 9.235076666666666, 9.221390000000001, 9.203183333333332, 9.235690000000002, 9.269209999999998, 9.549420000000001, 10.02383, 10.67336666666667, 10.463346666666666, 10.893763333333334, 9.924746666666664, 10.204056666666666, 9.89887, 10.396076666666664, 9.788853333333332, 10.280096666666667, 10.109506666666666, 9.899909999999998, 9.646353333333334, 9.651460000000002, 10.111983333333335, 9.99964, 10.086313333333331, 9.715399999999999, 9.986056666666665, 9.615736666666667, 9.883233333333331, 10.004299999999999, 11.493106666666666, 11.416286666666666, 11.11472, 10.712336666666666, 10.383656666666667, 10.054039999999999, 9.787946666666668, 9.604066666666666, 9.479073333333334, 9.24949, 9.072376666666667, 8.806763333333334, 8.618663333333332, 8.259133333333335, 8.060646666666665, 7.8676233333333325, 7.641123333333332, 7.409533333333335, 7.240836666666666, 7.126056666666667, 8.271326666666669, 8.01756, 7.59311, 7.5242266666666655, 7.144903333333334, 7.077040000000001, 6.913893333333332, 6.791229999999999, 6.723230000000001, 6.55462, 6.51716]}