{"test_accuracy": [0.2844166666666667, 0.5920833333333333, 0.7944166666666669, 0.90125, 0.92675, 0.9328333333333334, 0.9384999999999999, 0.9434166666666666, 0.9469166666666667, 0.9514999999999999, 0.95575, 0.95675, 0.9571666666666668, 0.9595, 0.9610833333333332, 0.9629166666666668, 0.9662500000000002, 0.96575, 0.9666666666666667, 0.9700000000000002, 0.9705833333333334, 0.9735833333333334, 0.97325, 0.9722500000000001, 0.97275, 0.9763333333333332, 0.9754166666666665, 0.9768333333333333, 0.9762500000000001, 0.9769166666666665, 0.9780833333333334, 0.9775833333333335, 0.9776666666666664, 0.9782500000000002, 0.9786666666666667, 0.9795833333333334, 0.98025, 0.9770000000000001, 0.9804166666666666, 0.9810000000000001, 0.9824166666666666, 0.9799166666666665, 0.9812499999999998, 0.9833333333333333, 0.9839166666666667, 0.9825, 0.9829166666666667, 0.9827499999999999, 0.9820833333333335, 0.9825833333333336, 0.9811666666666665, 0.9849166666666668, 0.9857499999999999, 0.9834166666666667, 0.9834166666666667, 0.9834999999999999, 0.9840833333333332, 0.98525, 0.9844166666666666, 0.9845833333333334, 0.9838333333333333, 0.9848333333333331, 0.9842499999999998, 0.9838333333333333, 0.9847500000000001, 0.9855, 0.9841666666666666, 0.9844166666666667, 0.9849166666666668, 0.9871666666666666, 0.9836666666666666, 0.9869166666666668, 0.9867500000000001, 0.9860833333333333, 0.9849999999999999, 0.9867499999999999, 0.9862500000000001, 0.9849166666666667, 0.9864166666666666, 0.98525, 0.9862499999999998, 0.9863333333333332, 0.9866666666666667, 0.9856666666666667, 0.9864999999999999, 0.9879166666666667, 0.9855833333333333, 0.9829166666666664, 0.9876666666666665, 0.9879166666666667, 0.9883333333333334, 0.989, 0.9871666666666667, 0.9885833333333334, 0.9873333333333333, 0.9884166666666666, 0.9885833333333331, 0.9884999999999999, 0.9859166666666668, 0.9880000000000001], "test_loss": [8.918273333333333, 7.506666666666667, 4.485519999999999, 2.9517766666666665, 1.9216566666666668, 1.316293333333333, 1.0354433333333335, 0.8836566666666669, 0.7365633333333332, 0.6914866666666668, 0.5922333333333334, 0.5498700000000001, 0.53136, 0.49944, 0.4593, 0.44563666666666674, 0.4219133333333333, 0.4517366666666666, 0.38322999999999996, 0.38272333333333336, 0.3809566666666667, 0.33025333333333334, 0.30970000000000003, 0.37551000000000007, 0.33255000000000007, 0.3090733333333333, 0.3035366666666667, 0.32289666666666667, 0.2919266666666666, 0.27526, 0.28336666666666666, 0.3076666666666667, 0.27025666666666665, 0.2986333333333333, 0.26063000000000003, 0.2441366666666667, 0.24823, 0.26605333333333336, 0.26387000000000005, 0.24486666666666668, 0.21207666666666664, 0.23384666666666667, 0.21516000000000002, 0.22684333333333334, 0.2213, 0.20404666666666668, 0.19213333333333332, 0.19448, 0.23209333333333335, 0.1933633333333333, 0.24633333333333338, 0.21812999999999994, 0.18256666666666665, 0.1768533333333333, 0.20828333333333332, 0.19872000000000004, 0.19952333333333336, 0.16786333333333334, 0.17803000000000002, 0.18972, 0.18333000000000002, 0.17929666666666663, 0.16896333333333338, 0.17451999999999998, 0.15892333333333333, 0.17615, 0.17689333333333332, 0.16100999999999996, 0.17146333333333336, 0.14748333333333333, 0.17865666666666666, 0.15826333333333334, 0.13765, 0.16137333333333334, 0.15755666666666665, 0.14961666666666665, 0.17156999999999997, 0.17347999999999997, 0.16917333333333334, 0.17971666666666664, 0.14852333333333337, 0.17572000000000002, 0.16311000000000006, 0.15356666666666668, 0.1457133333333333, 0.13921, 0.15897999999999998, 0.17027, 0.17691666666666672, 0.16126000000000001, 0.18086333333333332, 0.11425000000000002, 0.16186999999999999, 0.13629666666666668, 0.1468833333333333, 0.13743333333333335, 0.12857, 0.14382999999999999, 0.1384433333333333, 0.13474666666666668]}