{"test_accuracy": [0.10750000000000001, 0.10008333333333333, 0.24449999999999997, 0.2843333333333333, 0.4258333333333333, 0.5235, 0.27858333333333335, 0.41333333333333333, 0.357, 0.6720833333333333, 0.6450833333333335, 0.5589166666666666, 0.5110833333333333, 0.4800833333333333, 0.5960833333333333, 0.772, 0.7746666666666667, 0.59925, 0.5454166666666665, 0.5174166666666666, 0.7122499999999997, 0.74175, 0.7444166666666666, 0.6688333333333334, 0.7511666666666666, 0.7969166666666665, 0.8732500000000002, 0.8710833333333332, 0.8732500000000001, 0.8020833333333333, 0.67175, 0.7124166666666665, 0.7865, 0.8814999999999997, 0.9036666666666666, 0.8888333333333333, 0.8774166666666666, 0.8113333333333334, 0.7760833333333333, 0.8103333333333332, 0.8840833333333332, 0.9169166666666668, 0.9188333333333334, 0.9155, 0.9231666666666666, 0.91675, 0.9215833333333335, 0.916, 0.9193333333333332, 0.8178333333333333, 0.5932499999999999, 0.72225, 0.7154999999999999, 0.862, 0.9134166666666665, 0.9214166666666668, 0.9229166666666665, 0.9208333333333332, 0.9115, 0.8966666666666665, 0.8356666666666667, 0.8040833333333334, 0.8165833333333333, 0.9170833333333334, 0.9326666666666666, 0.9394166666666668, 0.9304166666666666, 0.9357499999999999, 0.9306666666666668, 0.9365833333333332, 0.9338333333333332, 0.9367499999999997, 0.92825, 0.93325, 0.9321666666666666, 0.9165833333333333, 0.9111666666666667, 0.8941666666666668, 0.9043333333333333, 0.9123333333333332, 0.93625, 0.9461666666666667, 0.9422499999999999, 0.9465000000000001, 0.94225, 0.9444166666666667, 0.9461666666666667, 0.9470833333333334, 0.9455000000000001, 0.9451666666666667, 0.9445, 0.9373333333333334, 0.9460000000000001, 0.9469166666666665, 0.9419166666666666, 0.9446666666666665, 0.9413333333333334, 0.9415, 0.9333333333333332, 0.9127500000000001], "test_loss": [8.867976666666667, 9.52258, 12.43212, 9.165799999999999, 7.62447, 7.0498400000000006, 7.433593333333334, 10.10411, 7.157916666666665, 5.64746, 4.968173333333334, 5.938853333333332, 6.731056666666668, 6.5660966666666685, 5.1399300000000006, 3.780713333333333, 3.09001, 4.339690000000001, 8.123503333333334, 6.3229066666666665, 4.274816666666666, 3.2249666666666656, 2.954036666666667, 4.621316666666668, 4.205596666666667, 2.67635, 2.0078533333333333, 1.756683333333333, 1.62275, 2.2148600000000003, 3.7759766666666663, 4.327743333333333, 2.6099299999999994, 1.6706666666666665, 1.43092, 1.4427633333333334, 1.56552, 2.4398100000000005, 3.0185033333333338, 2.900696666666667, 1.6238366666666664, 1.1847666666666663, 1.1763366666666666, 1.1383066666666664, 1.0829199999999999, 1.0690133333333336, 1.1000633333333334, 1.04606, 1.04796, 2.1470166666666666, 6.86381, 5.151393333333333, 3.1094099999999996, 1.8141666666666667, 1.3872700000000004, 1.2230733333333332, 1.0594899999999998, 1.0552866666666667, 1.1129733333333336, 1.2705666666666666, 1.8085099999999998, 2.2420933333333326, 2.2200833333333336, 1.16486, 0.9444999999999999, 0.8725166666666666, 0.9037400000000001, 0.8412466666666667, 0.90091, 0.8496100000000002, 0.8643533333333334, 0.8614233333333333, 0.8619566666666666, 0.8336833333333333, 0.8259099999999999, 1.0062099999999998, 1.0666666666666667, 1.2185033333333333, 1.2752499999999998, 1.11647, 0.81472, 0.6962933333333334, 0.6804233333333336, 0.6634866666666667, 0.75618, 0.7229300000000002, 0.6601766666666665, 0.7112400000000001, 0.65085, 0.6775000000000001, 0.7239766666666668, 0.72212, 0.68556, 0.68906, 0.6714299999999999, 0.6638533333333333, 0.6742600000000001, 0.7497233333333334, 0.7894733333333334, 1.1453733333333331]}