{"test_accuracy": [0.434, 0.6999166666666667, 0.8719166666666668, 0.9164999999999998, 0.9294999999999998, 0.9455833333333333, 0.95075, 0.9560833333333333, 0.9563333333333334, 0.9604133333333332, 0.9631833333333334, 0.9669699999999999, 0.9694499999999999, 0.9679333333333334, 0.97103, 0.9716500000000002, 0.9702799999999997, 0.9755599999999999, 0.9732833333333334, 0.9734966666666668, 0.9744333333333333, 0.9777133333333333, 0.9786199999999999, 0.97634, 0.9799066666666666, 0.9778566666666666, 0.9784600000000001, 0.9788166666666666, 0.9796966666666668, 0.9791333333333334, 0.9836000000000001, 0.9824166666666667, 0.9828366666666667, 0.9838199999999999, 0.9853166666666666, 0.9843933333333333, 0.9850200000000002, 0.9850800000000001, 0.9863900000000002, 0.9883933333333333, 0.9883566666666664, 0.9858899999999998, 0.9892366666666667, 0.9894566666666668, 0.9880966666666667, 0.9900733333333334, 0.9885066666666664, 0.9902599999999999, 0.9889100000000001, 0.9898333333333331, 0.9887166666666666, 0.9902833333333331, 0.9901466666666665, 0.9891133333333333, 0.9893333333333333, 0.9903466666666666, 0.9906333333333331, 0.9891133333333333, 0.9900233333333333, 0.9910166666666668], "test_loss": [8.673963333333335, 7.5042833333333325, 4.7587866666666665, 2.49894, 1.7303566666666665, 1.0793866666666667, 0.8275333333333333, 0.7063133333333336, 0.6510499999999998, 0.5857433333333333, 0.5004733333333332, 0.43709333333333333, 0.40674333333333323, 0.40174, 0.35521666666666657, 0.34332, 0.34058000000000005, 0.3074933333333334, 0.30701333333333325, 0.3072033333333334, 0.3070333333333333, 0.2680966666666667, 0.26570333333333335, 0.26863000000000004, 0.2510266666666667, 0.2636733333333333, 0.24534000000000003, 0.24550000000000002, 0.23148666666666667, 0.29344000000000003, 0.25719666666666663, 0.25532, 0.2363366666666666, 0.23916666666666672, 0.22527000000000003, 0.21151, 0.20936666666666665, 0.19035, 0.20029, 0.17440333333333335, 0.18029666666666672, 0.20475000000000002, 0.1634766666666667, 0.16040333333333334, 0.16312333333333337, 0.15278999999999998, 0.16957666666666668, 0.14499, 0.14716666666666667, 0.17156, 0.18378333333333333, 0.15345333333333333, 0.16853, 0.16497333333333333, 0.15305666666666665, 0.15639, 0.16013, 0.1642666666666667, 0.16282333333333335, 0.15849666666666665]}