{"test_accuracy": [0.9499166666666667, 0.9760000000000001, 0.9818333333333336, 0.9861666666666665, 0.9878333333333332, 0.9869166666666668, 0.9890833333333333, 0.9884166666666665, 0.9879166666666667, 0.9911566666666668, 0.9904033333333335, 0.9925366666666668, 0.9922933333333334, 0.9917700000000002, 0.9916133333333336, 0.9927566666666667, 0.9925900000000001, 0.9920766666666668, 0.9924600000000001, 0.9927600000000001, 0.9931, 0.9923566666666667, 0.9922166666666666, 0.9931099999999999, 0.9932433333333334, 0.9943299999999999, 0.9931833333333333, 0.99296, 0.99187, 0.9935066666666666, 0.9936400000000002, 0.9938233333333333, 0.9943766666666666, 0.9933233333333334, 0.9919600000000003, 0.9933766666666666, 0.9937466666666668, 0.9932599999999998, 0.9946233333333332, 0.9927233333333334, 0.9930566666666667, 0.9945, 0.9935600000000001, 0.9939566666666669, 0.9937199999999999, 0.9937966666666668, 0.9927166666666667, 0.9940800000000002, 0.9933333333333336, 0.9934066666666667, 0.9938233333333333, 0.9942733333333333, 0.9938033333333334, 0.9945299999999999, 0.9936166666666667, 0.9941766666666666, 0.9937666666666668, 0.99392, 0.9951899999999999, 0.9939566666666668], "test_loss": [1.251423333333333, 0.24261999999999997, 0.21444666666666662, 0.14181, 0.12979333333333332, 0.13599333333333335, 0.11252999999999999, 0.13083, 0.14749666666666666, 0.09279666666666665, 0.11371666666666666, 0.07803333333333334, 0.08908666666666669, 0.10804666666666664, 0.09232000000000001, 0.07586, 0.09399000000000002, 0.10592, 0.10202666666666665, 0.08709666666666667, 0.09754, 0.10142, 0.08448666666666664, 0.07858333333333332, 0.08629000000000002, 0.08385666666666669, 0.09165, 0.09174666666666667, 0.10214666666666665, 0.11599666666666666, 0.10731333333333334, 0.10768000000000001, 0.10499666666666667, 0.09707666666666667, 0.10581666666666667, 0.11115333333333331, 0.12393666666666667, 0.10216000000000003, 0.09112333333333336, 0.12977333333333332, 0.10661000000000001, 0.09236, 0.10382333333333334, 0.11048, 0.10597999999999999, 0.10296, 0.11538000000000001, 0.11948333333333333, 0.10933, 0.12503333333333333, 0.12179666666666669, 0.14098, 0.14294, 0.107, 0.15161666666666668, 0.13023, 0.13551666666666667, 0.12905666666666665, 0.09387999999999999, 0.12546666666666667]}