{"test_accuracy": [0.35322000000000003, 0.42965666666666663, 0.4887566666666666, 0.5381533333333334, 0.5778, 0.5964033333333334, 0.5944133333333332, 0.6297566666666667, 0.6537566666666667, 0.6657833333333333, 0.6754633333333332, 0.6868200000000001, 0.6915700000000001, 0.6914866666666667, 0.71119, 0.7090466666666667, 0.7156366666666668, 0.7237766666666665, 0.7246633333333333, 0.7261233333333332, 0.7308366666666666, 0.72651, 0.7371133333333335, 0.7430566666666664, 0.7320266666666667, 0.7465866666666667, 0.7421400000000001, 0.7493066666666667, 0.7458433333333334, 0.7438866666666668, 0.7516266666666668, 0.7632033333333333, 0.7609066666666667, 0.7651, 0.7636166666666667, 0.76558, 0.7648233333333334, 0.7660166666666669, 0.7635933333333332, 0.7708, 0.7741000000000002, 0.7693200000000001, 0.7702433333333333, 0.7778966666666668, 0.7725633333333334, 0.7754733333333333, 0.7728833333333334, 0.7735933333333332, 0.7813733333333331, 0.7860066666666666, 0.7786866666666667, 0.7743499999999999, 0.7798266666666666, 0.7786266666666666, 0.7864133333333334, 0.7795300000000001, 0.7939799999999998, 0.7856899999999999, 0.7839666666666667, 0.7825200000000001], "test_loss": [6.758256666666668, 5.6222133333333355, 5.180459999999999, 4.733526666666666, 4.483770000000001, 4.26281, 4.123196666666667, 3.853636666666667, 3.689613333333333, 3.6020166666666666, 3.4528566666666665, 3.3201899999999998, 3.2986766666666667, 3.265686666666667, 3.116233333333333, 3.0432366666666666, 3.0301533333333337, 2.9316, 2.9160933333333343, 2.85017, 2.8798099999999995, 2.88414, 2.7690499999999996, 2.781133333333334, 2.822046666666666, 2.64544, 2.6954433333333325, 2.6786666666666665, 2.6635999999999997, 2.7304433333333336, 2.700906666666667, 2.58694, 2.5821933333333336, 2.506693333333333, 2.5566833333333334, 2.5095333333333327, 2.598393333333333, 2.5500400000000005, 2.5276799999999997, 2.4886199999999996, 2.4981233333333326, 2.5035299999999996, 2.552156666666667, 2.4225533333333336, 2.5813833333333336, 2.426173333333333, 2.517033333333333, 2.4894166666666666, 2.44368, 2.423843333333333, 2.4465, 2.55469, 2.3625200000000004, 2.41223, 2.4379899999999997, 2.48483, 2.440983333333333, 2.5067466666666665, 2.44404, 2.5099433333333336]}