{"test_accuracy": [0.1046018785040669, 0.10437872011122136, 0.12431139909623307, 0.10173690275013554, 0.11497285899525427, 0.11460336001928528, 0.10956276789139334, 0.10595605283240025, 0.14304601429860825, 0.14270601155429108, 0.10523555593892363, 0.11669302365166005, 0.127864527949624, 0.13886903656501406, 0.12851081174447868, 0.12045263580196923, 0.11927461792068131, 0.13724864643898282, 0.11567905205804035, 0.14996972467441383, 0.13493773305997606, 0.13343850399584214, 0.13949954781707707, 0.16649014860676398, 0.16407511990044224, 0.1551704707530442, 0.15146873807433828, 0.13591040946280702, 0.14425456571078274, 0.1371124990392814, 0.16416550901402596, 0.15531849415186416, 0.148856813391402, 0.1350594134603086, 0.13218676480464672, 0.1590556896149113, 0.16892435374293463, 0.16855976380651977, 0.16894606019909073, 0.16262986544543187, 0.17249871392174418, 0.18871924002480123, 0.1794908392452506, 0.16101546933950464, 0.17808283183508922, 0.18062691179005125, 0.16181062534255566, 0.1732130547570722, 0.18869747261152348, 0.18078435509019142, 0.1859200864365929, 0.18048378822446573, 0.16403477623043095, 0.16820826125073438, 0.17091272142626182, 0.17589132929885148, 0.17253456683954177, 0.1615787435847919, 0.18927716186833096, 0.18114431561565342, 0.20203456151913748, 0.1960910377139834, 0.20476354653483556, 0.1959242466492722, 0.19622270753908272, 0.19842982858044822, 0.19880799802615828, 0.1913442959616307, 0.1947918553620374, 0.1997029251656611, 0.20016395422856442, 0.20671316971502351, 0.19992347555989956, 0.2056408485970046, 0.20637778248634892, 0.19044534908610114, 0.19101212300720422, 0.20960866684457194, 0.2037062458267245, 0.19953374297785093, 0.2474253134337486, 0.22585654027505614, 0.22282768359773888, 0.2317401611203511, 0.23577859728739595, 0.2416016890289426, 0.2670528142258102, 0.22152190370630825, 0.23702015056155123, 0.2624669426136142, 0.2636815941668853, 0.2589098038344832, 0.25707270660153125, 0.2407472648145044, 0.2682329308789546, 0.2595594887588837, 0.25871958015890967, 0.26103643389684894, 0.2463897792326224, 0.264980302151995], "test_loss": [8.985186666666666, 9.278723333333334, 9.268363333333333, 9.219073333333332, 9.300550000000003, 9.613853333333337, 9.823290000000002, 10.096306666666667, 9.900906666666666, 10.620393333333332, 10.127773333333334, 10.228423333333332, 9.53752, 10.028106666666668, 9.873313333333334, 9.892576666666667, 9.918236666666665, 10.381279999999999, 9.782330000000002, 10.070860000000003, 9.72337, 9.823083333333335, 9.853503333333334, 10.022683333333333, 10.161513333333337, 10.03376, 9.619513333333332, 9.666493333333332, 9.730439999999998, 9.686730000000003, 9.680983333333334, 10.053806666666667, 9.895886666666668, 9.886943333333335, 9.754483333333331, 9.727856666666668, 9.705213333333331, 9.632333333333332, 9.581123333333334, 9.601716666666668, 9.97403, 9.787780000000001, 9.563053333333334, 9.8838, 10.029966666666665, 9.906836666666665, 9.990533333333332, 9.672563333333333, 9.622783333333333, 9.571010000000001, 9.57962, 9.711520000000002, 9.892483333333336, 9.625736666666665, 9.507263333333334, 9.66604, 9.630946666666667, 9.48373, 9.44148, 9.455966666666665, 9.516213333333333, 9.552326666666666, 9.587596666666666, 9.616486666666665, 9.456896666666665, 9.48955, 9.53226, 9.678273333333333, 9.665846666666665, 9.753656666666666, 9.748576666666668, 9.482346666666668, 9.420766666666669, 9.43063, 9.451523333333332, 9.547376666666667, 9.592726666666668, 9.35377666666667, 9.426563333333332, 9.416436666666666, 9.415876666666666, 9.598153333333332, 9.49267, 9.440046666666666, 9.45537, 9.400366666666667, 9.424113333333334, 9.498753333333333, 9.452306666666667, 9.336999999999998, 9.301590000000001, 9.348053333333334, 9.329790000000001, 9.524669999999997, 9.351586666666666, 9.380936666666665, 9.49768, 9.518789999999997, 9.680479999999998, 9.490453333333331]}