{"test_accuracy": [0.21216666666666664, 0.26058333333333333, 0.2999166666666666, 0.3406666666666667, 0.3789166666666667, 0.4099166666666667, 0.4190833333333333, 0.4404166666666667, 0.47274999999999995, 0.4715, 0.4853333333333333, 0.51025, 0.5131666666666665, 0.5264166666666666, 0.5212499999999999, 0.5251666666666666, 0.5385000000000001, 0.5524166666666666, 0.5534166666666668, 0.5654166666666666, 0.5667500000000001, 0.5686666666666667, 0.57925, 0.58, 0.5877500000000001, 0.584, 0.5928333333333332, 0.5972500000000001, 0.6013333333333333, 0.6044999999999999, 0.6069166666666667, 0.6143333333333332, 0.6159166666666668, 0.6197499999999999, 0.6319166666666667, 0.6280833333333333, 0.6293333333333334, 0.6364166666666666, 0.6392500000000001, 0.64725, 0.6426666666666666, 0.6468333333333333, 0.6435000000000001, 0.6427499999999999, 0.6564166666666668, 0.6605000000000001, 0.6690000000000002, 0.6640833333333335, 0.6769166666666667, 0.6709999999999998, 0.6810833333333335, 0.6850833333333333, 0.683, 0.6889166666666667, 0.6849166666666666, 0.6829166666666667, 0.6911666666666666, 0.6921666666666668, 0.6870833333333335, 0.6868333333333335], "test_loss": [8.94207, 8.34231, 7.928873333333332, 7.558369999999999, 7.198493333333334, 6.971230000000001, 6.7325566666666665, 6.516496666666666, 6.208723333333333, 6.166403333333333, 5.976416666666668, 5.735603333333334, 5.641803333333333, 5.501330000000001, 5.613736666666665, 5.501976666666667, 5.287653333333333, 5.172883333333333, 5.181676666666667, 5.079506666666668, 4.94275, 4.937076666666667, 4.886523333333333, 4.8645499999999995, 4.792546666666667, 4.793493333333333, 4.71951, 4.631183333333333, 4.597593333333333, 4.51769, 4.48217, 4.489506666666666, 4.509010000000001, 4.2917000000000005, 4.184556666666667, 4.343426666666667, 4.2976133333333335, 4.1987733333333335, 4.1939366666666675, 4.215916666666667, 4.1107466666666665, 3.98577, 4.096760000000001, 4.091013333333334, 3.9823466666666665, 3.8858333333333333, 3.846886666666667, 3.8149066666666664, 3.67367, 3.737096666666667, 3.63199, 3.6687000000000003, 3.6655500000000005, 3.621496666666667, 3.740063333333333, 3.6893366666666663, 3.646833333333333, 3.583746666666667, 3.565966666666667, 3.5543866666666664]}