{"test_accuracy": [0.5151666666666667, 0.7949999999999999, 0.8865833333333334, 0.9138333333333333, 0.9335000000000001, 0.9416666666666664, 0.9454166666666667, 0.9525000000000001, 0.9554166666666665, 0.9584033333333334, 0.96616, 0.9671333333333332, 0.9675866666666665, 0.9668266666666667, 0.9722000000000001, 0.9711499999999998, 0.9728066666666668, 0.9736966666666665, 0.9768633333333333, 0.97387, 0.9772766666666668, 0.9750999999999999, 0.9791733333333335, 0.9797266666666666, 0.9768066666666667, 0.9792500000000001, 0.9781666666666666, 0.9800666666666668, 0.9789666666666665, 0.9793800000000003, 0.9816533333333334, 0.98234, 0.9804666666666667, 0.9829499999999999, 0.9823133333333334, 0.9837466666666667, 0.9838633333333335, 0.9823366666666667, 0.98554, 0.9846899999999998, 0.9827899999999999, 0.9855033333333333, 0.9796400000000001, 0.9844533333333332, 0.9857899999999998, 0.987983333333333, 0.9868, 0.9871300000000002, 0.98713, 0.98581, 0.9871233333333331, 0.9870899999999999, 0.9874066666666665, 0.9874899999999999, 0.9866899999999998, 0.9875466666666666, 0.9880666666666666, 0.9879733333333331, 0.9874466666666667, 0.9894533333333334], "test_loss": [8.741530000000001, 7.299136666666667, 3.8302699999999996, 2.6208033333333334, 1.6357700000000002, 1.174843333333333, 1.0101133333333334, 0.78537, 0.6802866666666668, 0.7285433333333333, 0.5055533333333332, 0.5035533333333334, 0.4489733333333333, 0.44505666666666666, 0.38938333333333336, 0.36891666666666656, 0.3445499999999999, 0.33848, 0.31022333333333335, 0.3114966666666667, 0.28052000000000005, 0.29267333333333334, 0.2558033333333333, 0.24734666666666666, 0.26788, 0.24311333333333332, 0.26055, 0.23671333333333336, 0.23318333333333333, 0.28381666666666666, 0.25116, 0.25437000000000004, 0.25403333333333333, 0.23881, 0.25067999999999996, 0.24671333333333328, 0.22387666666666664, 0.23429999999999998, 0.19347999999999996, 0.2086666666666667, 0.2352066666666667, 0.21483, 0.32113, 0.22240666666666667, 0.19667666666666667, 0.17759666666666668, 0.1856366666666667, 0.17707333333333333, 0.18060333333333337, 0.21604, 0.21329333333333328, 0.2526566666666667, 0.20508333333333334, 0.21539666666666663, 0.21915666666666664, 0.18515999999999996, 0.19343666666666667, 0.17537666666666665, 0.20797666666666667, 0.16824333333333336]}