{"test_accuracy": [0.9470833333333334, 0.977916666666667, 0.9846666666666668, 0.98675, 0.9869166666666666, 0.988, 0.9868333333333332, 0.9885, 0.9912499999999999, 0.9897366666666668, 0.9915366666666668, 0.9917633333333334, 0.99283, 0.99298, 0.9923000000000002, 0.9930633333333333, 0.9936500000000003, 0.9925233333333333, 0.9938966666666668, 0.99351, 0.9946166666666667, 0.9928900000000002, 0.9920133333333335, 0.9928966666666666, 0.9926866666666666, 0.99303, 0.9943966666666667, 0.9931066666666666, 0.9932366666666667, 0.9943866666666665, 0.9931433333333332, 0.9940166666666665, 0.9941266666666666, 0.9946833333333333, 0.9928233333333333, 0.9940100000000001, 0.9944833333333335, 0.9938100000000001, 0.9943066666666666, 0.9939533333333335, 0.9936300000000001, 0.9945166666666668, 0.9942900000000001, 0.9949033333333335, 0.995136666666667, 0.9941800000000002, 0.9944033333333336, 0.9883466666666665, 0.9941833333333336, 0.9944333333333333, 0.99508, 0.99483, 0.9936699999999999, 0.9934066666666667, 0.9936066666666666, 0.9938433333333333, 0.9947366666666666, 0.99412, 0.9950933333333333, 0.99427], "test_loss": [1.3568466666666668, 0.26228666666666667, 0.2117933333333334, 0.17148, 0.14607333333333336, 0.1608866666666667, 0.17361000000000004, 0.14634, 0.13052999999999998, 0.11768666666666668, 0.10453666666666668, 0.10469999999999997, 0.10131333333333334, 0.10268000000000001, 0.10623333333333336, 0.09842, 0.08779, 0.10219666666666666, 0.08517666666666666, 0.09235333333333333, 0.07943666666666667, 0.08391000000000001, 0.10012333333333336, 0.08446, 0.09241, 0.08826666666666667, 0.08053333333333332, 0.08180666666666667, 0.08889, 0.09667, 0.10880999999999999, 0.09864666666666667, 0.11045333333333333, 0.08712333333333334, 0.11023333333333332, 0.11541333333333334, 0.09150333333333334, 0.09393666666666668, 0.10934333333333333, 0.08507666666666668, 0.11032, 0.09362666666666665, 0.11119666666666665, 0.0784, 0.08821666666666667, 0.09197333333333337, 0.10366666666666666, 0.1825366666666667, 0.08533666666666669, 0.10412333333333335, 0.09376000000000001, 0.12225333333333334, 0.1520133333333334, 0.12079333333333335, 0.12484, 0.14735, 0.09763666666666665, 0.10864, 0.10795666666666666, 0.11952666666666666]}