{"test_accuracy": [0.14058333333333334, 0.13833333333333334, 0.13208333333333333, 0.10200000000000001, 0.13724999999999996, 0.11608333333333333, 0.10966666666666666, 0.11149999999999999, 0.13658333333333333, 0.14741666666666667, 0.13166666666666668, 0.15358333333333332, 0.1375, 0.16741666666666669, 0.14316666666666666, 0.13549999999999998, 0.11025000000000001, 0.13549999999999998, 0.137, 0.10950000000000001, 0.11216666666666666, 0.12774999999999997, 0.12208333333333335, 0.12858333333333333, 0.10416666666666667, 0.12416666666666668, 0.13625, 0.12633333333333333, 0.16691666666666669, 0.23391666666666663, 0.25825, 0.29491666666666666, 0.31283333333333335, 0.3294166666666667, 0.3468333333333334, 0.37100000000000005, 0.3804166666666667, 0.3990833333333334, 0.4068333333333334, 0.44141666666666673, 0.4624166666666667, 0.49766666666666665, 0.5026666666666667, 0.5120833333333333, 0.53225, 0.5525833333333333, 0.5598333333333334, 0.5635833333333334, 0.5719166666666667, 0.5849999999999999, 0.6000000000000001, 0.6076666666666666, 0.6144166666666667, 0.63075, 0.6273333333333332, 0.6389166666666667, 0.6521666666666668, 0.6464166666666665, 0.6575, 0.6759166666666665], "test_loss": [9.371310000000001, 9.21623, 9.173733333333335, 9.2689, 9.465043333333334, 9.951403333333333, 11.058986666666668, 10.943923333333334, 10.055020000000003, 9.587383333333332, 9.628430000000002, 9.788553333333331, 10.623390000000002, 10.58541333333333, 10.607446666666664, 9.478503333333332, 9.744809999999998, 9.76691, 9.948583333333335, 10.342263333333335, 9.894143333333336, 9.862096666666666, 9.630003333333333, 9.789403333333333, 9.781753333333334, 9.851686666666666, 9.369436666666667, 9.482713333333333, 9.27788, 8.49056, 8.110006666666667, 7.831716666666667, 7.578593333333333, 7.3565933333333335, 7.171496666666666, 6.979333333333334, 6.878043333333335, 6.7091400000000005, 6.642963333333332, 6.531043333333335, 6.15603, 5.98808, 5.7284533333333325, 5.657046666666667, 5.48935, 5.265350000000001, 5.0973, 4.986806666666666, 4.941703333333334, 4.79751, 4.677036666666666, 4.5509966666666655, 4.503933333333333, 4.289946666666666, 4.36375, 4.190760000000001, 4.08527, 4.029363333333333, 4.023126666666666, 3.822746666666667]}