{"test_accuracy": [0.09716666666666665, 0.1175, 0.10291666666666667, 0.10008333333333333, 0.1, 0.12316666666666666, 0.11441666666666667, 0.10216666666666667, 0.13316666666666668, 0.10250000000000001, 0.13141666666666665, 0.10141666666666668, 0.13266666666666665, 0.12825, 0.17891666666666667, 0.14808333333333332, 0.15508333333333332, 0.14833333333333332, 0.156, 0.11058333333333333, 0.1475, 0.10841666666666666, 0.14216666666666664, 0.16158333333333333, 0.12583333333333335, 0.13233333333333333, 0.16358333333333336, 0.13616666666666666, 0.15899999999999995, 0.14558333333333334, 0.14391666666666664, 0.14624999999999996, 0.15841666666666665, 0.12166666666666666, 0.15433333333333332, 0.14816666666666667, 0.18916666666666662, 0.1630833333333333, 0.18825, 0.17475000000000002, 0.17200000000000001, 0.15233333333333335, 0.17183333333333328, 0.17758333333333334, 0.1693333333333333, 0.15408333333333335, 0.19258333333333336, 0.18449999999999997, 0.18708333333333332, 0.154, 0.1735833333333333, 0.16574999999999998, 0.16158333333333336, 0.1781666666666667, 0.17858333333333334, 0.19175, 0.15391666666666667, 0.15983333333333333, 0.14358333333333334, 0.25125000000000003], "test_loss": [9.283600000000002, 9.195346666666666, 9.170173333333334, 9.22574, 9.460793333333333, 10.18372333333333, 10.676633333333335, 10.75895, 10.46907, 9.917956666666665, 10.237093333333336, 9.869276666666668, 9.99882, 9.887973333333331, 9.87208, 9.452463333333332, 9.582236666666667, 9.755756666666667, 9.929049999999998, 10.18374, 10.088173333333335, 9.714446666666667, 9.89746333333333, 9.482460000000001, 9.81221, 9.897773333333333, 10.349523333333334, 9.619179999999998, 9.55539, 9.324886666666666, 9.555336666666667, 9.290173333333334, 9.39738, 9.386836666666666, 9.453693333333332, 9.05736, 9.252083333333331, 9.672003333333333, 9.737983333333334, 9.607363333333332, 9.405006666666667, 9.108003333333333, 9.553566666666665, 9.050973333333332, 9.458326666666666, 9.232963333333332, 9.432283333333334, 9.21003, 9.663966666666669, 9.372876666666667, 9.342400000000001, 9.661996666666665, 9.402803333333335, 9.64929, 8.782533333333333, 8.919503333333333, 9.111646666666667, 9.425280000000003, 9.44024, 8.373586666666668]}