{"test_accuracy": [0.10308333333333333, 0.10183333333333335, 0.11999999999999998, 0.10841666666666665, 0.09998, 0.10136333333333332, 0.10203333333333334, 0.08096666666666666, 0.15478999999999996, 0.1350666666666667, 0.17252000000000003, 0.14270666666666665, 0.10519666666666669, 0.11550666666666666, 0.21216, 0.29063666666666665, 0.3176033333333334, 0.3346966666666667, 0.35853666666666667, 0.3758833333333333, 0.40973666666666664, 0.44011666666666666, 0.45344666666666666, 0.4810166666666667, 0.5053799999999999, 0.5255700000000001, 0.54071, 0.5570366666666666, 0.5666433333333333, 0.5783566666666666, 0.60199, 0.6111266666666667, 0.6197966666666667, 0.63052, 0.6331399999999998, 0.6466600000000001, 0.6507733333333335, 0.6534866666666665, 0.6625866666666665, 0.6740200000000001, 0.6803500000000001, 0.6837700000000001, 0.6897366666666668, 0.6933666666666666, 0.6987299999999999, 0.7017199999999999, 0.7033066666666665, 0.7024166666666666, 0.71226, 0.7152733333333334, 0.72251, 0.7203266666666669, 0.7245633333333333, 0.7283266666666663, 0.7311533333333334, 0.7311033333333335, 0.73655, 0.7366433333333335, 0.7363066666666668, 0.7380866666666667], "test_loss": [9.457586666666666, 9.2311, 9.184809999999999, 9.177476666666667, 9.319666666666668, 9.840013333333332, 11.056713333333335, 12.224233333333332, 9.87378, 9.61739, 9.793053333333335, 9.638036666666666, 10.235373333333335, 10.071046666666668, 11.111680000000002, 10.693430000000001, 10.23343, 9.806706666666665, 9.411669999999999, 9.032843333333334, 8.53618, 8.158343333333333, 7.906976666666667, 7.540746666666669, 8.651823333333333, 8.350246666666667, 8.124546666666667, 7.738079999999999, 7.497396666666666, 7.289473333333333, 6.987006666666667, 6.777116666666667, 6.571963333333332, 6.460143333333333, 7.369693333333332, 7.191216666666667, 7.045696666666667, 6.902960000000002, 6.817486666666666, 6.8105666666666655, 6.710616666666667, 6.634906666666667, 6.550869999999999, 6.514216666666666, 6.983506666666666, 6.957763333333334, 6.871583333333333, 6.847153333333334, 6.729223333333334, 7.4569, 7.380769999999999, 7.4078566666666665, 7.342773333333333, 7.246700000000001, 7.980756666666666, 7.87855, 7.882086666666666, 7.768356666666666, 8.005263333333334, 8.653696666666667]}