{"test_accuracy": [0.35799999999999993, 0.4250833333333333, 0.4721666666666667, 0.5225833333333333, 0.55, 0.568, 0.5830833333333334, 0.6014999999999999, 0.62725, 0.6469066666666666, 0.6504633333333333, 0.6714033333333334, 0.68004, 0.6914966666666668, 0.6951733333333334, 0.6932233333333335, 0.70582, 0.7103666666666667, 0.7139733333333333, 0.72428, 0.7277333333333333, 0.7295733333333333, 0.73732, 0.7401833333333333, 0.7441599999999998, 0.7397400000000001, 0.7419933333333333, 0.7510466666666668, 0.74569, 0.7540733333333333, 0.7625333333333333, 0.7592, 0.7595566666666667, 0.7590999999999999, 0.7619900000000002, 0.7643833333333333, 0.7654799999999999, 0.7703833333333333, 0.7672499999999999, 0.7695333333333334, 0.7737466666666666, 0.7731466666666669, 0.7766300000000002, 0.7735733333333334, 0.7753633333333333, 0.7749566666666666, 0.7761533333333334, 0.7715933333333334, 0.7793100000000001, 0.7827733333333333, 0.7864166666666665, 0.7826500000000001, 0.7863866666666666, 0.7864, 0.78485, 0.7802966666666666, 0.7813066666666665, 0.7900133333333332, 0.7855033333333333, 0.7859299999999999], "test_loss": [7.26534, 6.3026333333333335, 5.87988, 5.469426666666666, 5.15912, 4.910996666666666, 4.854140000000001, 4.496693333333334, 4.25999, 4.0872399999999995, 4.03613, 3.7978266666666665, 3.7413433333333335, 3.5933966666666666, 3.533593333333334, 3.5326199999999996, 3.4319933333333332, 3.3507333333333333, 3.3239833333333335, 3.2306133333333333, 3.1929066666666666, 3.1461333333333332, 3.0997733333333333, 3.0351033333333333, 3.0032933333333327, 3.0364400000000002, 3.0374133333333333, 2.937783333333334, 2.969873333333333, 3.6055999999999995, 3.524266666666666, 3.59265, 3.5737933333333336, 3.53925, 3.5300266666666658, 3.535343333333333, 3.5458133333333333, 3.4671266666666667, 3.4789, 3.44227, 3.351663333333333, 3.4184633333333343, 3.3820966666666674, 3.40536, 3.3817133333333342, 3.403539999999999, 3.4378033333333335, 3.45783, 3.4181833333333334, 4.046003333333333, 3.9139233333333334, 3.9945799999999996, 3.947763333333333, 4.001103333333333, 4.025576666666667, 4.084756666666667, 4.011396666666666, 4.00424, 4.006340000000001, 4.025923333333334]}