{"test_accuracy": [0.3740833333333333, 0.43350000000000005, 0.4725000000000001, 0.5214166666666666, 0.5415833333333333, 0.5715833333333333, 0.5954999999999999, 0.6114166666666667, 0.6286666666666666, 0.6399333333333334, 0.6527366666666666, 0.6686466666666665, 0.6882566666666666, 0.6926700000000001, 0.6992533333333334, 0.6970066666666667, 0.7048166666666665, 0.7153966666666669, 0.7197366666666667, 0.7223133333333335, 0.7300466666666667, 0.72911, 0.7396366666666668, 0.7411166666666668, 0.75047, 0.7450566666666667, 0.7486166666666667, 0.7547833333333335, 0.7587133333333332, 0.7599699999999999, 0.75811, 0.7652066666666666, 0.7665533333333332, 0.7675266666666667, 0.7760766666666666, 0.7704233333333333, 0.7744166666666665, 0.76985, 0.7708533333333333, 0.7729433333333333, 0.7695933333333332, 0.7709066666666666, 0.7848033333333331, 0.77962, 0.77809, 0.7813899999999999, 0.7838600000000001, 0.77984, 0.7827533333333333, 0.7796999999999997, 0.7775499999999999, 0.7805133333333333, 0.7840333333333332, 0.7860066666666666, 0.7850199999999998, 0.7800966666666667, 0.7892533333333333, 0.7859333333333332, 0.7890533333333334, 0.7862433333333332], "test_loss": [7.102406666666667, 6.259743333333333, 5.835023333333331, 5.337856666666667, 5.16093, 4.883543333333333, 4.636003333333332, 4.463016666666666, 4.171203333333333, 4.18389, 3.9911000000000003, 3.81144, 3.6942366666666664, 3.5719033333333328, 3.472363333333333, 3.455093333333333, 3.4385499999999998, 3.32454, 3.281263333333334, 3.23349, 3.1404466666666675, 3.1719500000000003, 3.02308, 3.0301733333333343, 2.9562199999999996, 2.9784666666666673, 2.9597166666666666, 2.8934933333333333, 2.8876766666666667, 3.5556366666666666, 3.58541, 3.462726666666667, 3.4735633333333333, 3.4491866666666664, 3.3561499999999995, 3.4645866666666674, 3.4733666666666676, 3.448663333333333, 3.3271066666666664, 3.437536666666667, 3.4687366666666666, 3.440636666666666, 3.289640000000001, 3.3404699999999994, 3.405383333333334, 3.3497433333333335, 3.2841400000000003, 3.3777033333333337, 3.3158533333333335, 4.0853399999999995, 3.99348, 4.042113333333334, 4.00037, 3.9970966666666663, 4.028336666666666, 4.005170000000001, 3.956203333333333, 4.032796666666667, 4.073643333333333, 3.9874166666666673]}