{"test_accuracy": [0.3579333333333333, 0.4584833333333333, 0.5184866666666667, 0.5559933333333333, 0.5979833333333334, 0.6258599999999999, 0.6451633333333333, 0.64771, 0.6708766666666668, 0.6848699999999999, 0.6917433333333333, 0.70058, 0.7164233333333335, 0.7122899999999999, 0.7305566666666667, 0.7243966666666667, 0.7331033333333336, 0.7365033333333334, 0.7439300000000001, 0.7514666666666668, 0.7458833333333335, 0.7582566666666668, 0.75903, 0.7490966666666665, 0.7610966666666668, 0.7599666666666666, 0.7668033333333334, 0.7714566666666666, 0.7594966666666667, 0.7740199999999999, 0.7666266666666669, 0.7706800000000001, 0.77391, 0.7746366666666666, 0.7806566666666666, 0.77785, 0.7795899999999999, 0.7838333333333333, 0.7755233333333335, 0.77676, 0.7770566666666667, 0.7853666666666667, 0.7817999999999999, 0.78724, 0.7849933333333333, 0.7880400000000001, 0.7874033333333333, 0.7926066666666667, 0.7917366666666668, 0.7863566666666666, 0.7849566666666666, 0.7880633333333333, 0.7924566666666666, 0.7904566666666667, 0.7953333333333334, 0.79434, 0.7869566666666667, 0.7918033333333331, 0.7899633333333334, 0.7948433333333333], "test_loss": [6.687340000000001, 5.473150000000001, 4.967803333333333, 4.5782099999999994, 4.2487466666666664, 3.977043333333334, 3.729303333333333, 3.67479, 3.4528200000000004, 3.6127899999999995, 3.567036666666666, 3.3811533333333332, 3.30184, 3.3104999999999998, 3.146263333333333, 3.235013333333334, 3.2336133333333335, 3.0117600000000007, 2.9365099999999997, 3.18267, 3.2297366666666676, 3.0197199999999995, 3.0247466666666663, 3.0808233333333335, 2.9822399999999996, 3.035833333333333, 3.0267600000000003, 2.91046, 3.029973333333333, 3.1890566666666667, 3.24466, 3.2524866666666674, 3.175066666666667, 3.2100300000000006, 3.2282299999999995, 3.15531, 3.2378500000000003, 3.1128133333333334, 3.2160433333333334, 3.5395699999999994, 3.5649566666666663, 3.3719000000000006, 3.3755166666666665, 3.39517, 3.4261766666666658, 3.363269999999999, 3.4826933333333323, 3.3182933333333335, 3.495673333333334, 3.7605433333333336, 3.788386666666667, 3.6505266666666665, 3.761006666666667, 3.676013333333333, 3.6258733333333333, 3.7551733333333335, 3.7682799999999994, 3.7576700000000005, 3.7440900000000004, 4.173156666666666]}