{"test_accuracy": [0.95225, 0.9780833333333335, 0.9824166666666668, 0.9851666666666667, 0.9875833333333333, 0.9865833333333335, 0.9878333333333332, 0.9891666666666665, 0.9904166666666666, 0.99025, 0.9901666666666666, 0.9896666666666666, 0.9920833333333332, 0.9925, 0.99101, 0.9914000000000002, 0.9906433333333334, 0.991096666666667, 0.9936600000000001, 0.9922266666666668, 0.9921466666666667, 0.9934366666666669, 0.9927533333333335, 0.9910266666666668, 0.993416666666667, 0.9942533333333334, 0.9915433333333332, 0.9918533333333335, 0.9919233333333334, 0.9925000000000002, 0.9917333333333335, 0.9929633333333333, 0.9913266666666664, 0.9922099999999999, 0.9939266666666666, 0.9932400000000001, 0.9937333333333334, 0.9946733333333333, 0.9940033333333333, 0.9937933333333334, 0.9937900000000001, 0.9951533333333332, 0.9943333333333334, 0.9926299999999999, 0.9931399999999999, 0.9948, 0.9932533333333334, 0.9936200000000002, 0.9933766666666666, 0.9934499999999999, 0.9939933333333335, 0.9929533333333332, 0.9932533333333332, 0.9929633333333332, 0.99388, 0.99363, 0.9935700000000001, 0.99265, 0.99326, 0.9944433333333335], "test_loss": [1.4590166666666669, 0.23930666666666672, 0.21041, 0.17417666666666667, 0.18274666666666664, 0.15776333333333334, 0.12963666666666668, 0.11650333333333335, 0.09866, 0.09825666666666667, 0.10623000000000002, 0.09883333333333333, 0.09593999999999998, 0.06866666666666667, 0.09245333333333332, 0.09364333333333336, 0.11406333333333335, 0.10655333333333333, 0.07339333333333334, 0.09234, 0.08508666666666669, 0.08139333333333333, 0.09250333333333335, 0.09738, 0.09094333333333335, 0.059296666666666664, 0.09797333333333334, 0.09054999999999999, 0.10554666666666666, 0.07835999999999999, 0.09383333333333335, 0.08653000000000001, 0.08855333333333332, 0.09386333333333335, 0.07712000000000001, 0.08685999999999998, 0.07345333333333333, 0.07227666666666667, 0.06627333333333334, 0.07256333333333333, 0.07519999999999999, 0.06688333333333334, 0.07295, 0.07677333333333332, 0.10421666666666667, 0.07387, 0.09894666666666667, 0.09624999999999997, 0.11102333333333332, 0.08080666666666665, 0.08906999999999998, 0.1236266666666667, 0.10207333333333332, 0.11864000000000001, 0.10443666666666669, 0.10633999999999998, 0.11797999999999999, 0.12519666666666668, 0.10924, 0.08673333333333333]}