{"test_accuracy": [0.87225, 0.969, 0.9813333333333335, 0.9831666666666667, 0.9870833333333334, 0.9874166666666666, 0.98575, 0.9888333333333333, 0.9900000000000002, 0.98975, 0.9890833333333334, 0.9909166666666666, 0.9925833333333333, 0.99225, 0.9921666666666668, 0.9907833333333336, 0.9926900000000001, 0.9908000000000001, 0.9918566666666668, 0.991996666666667, 0.9913200000000001, 0.9915500000000002, 0.9926900000000001, 0.9917666666666667, 0.9906466666666669, 0.9924533333333334, 0.99428, 0.9930700000000001, 0.9921566666666668, 0.9933133333333335, 0.99229, 0.9924300000000001, 0.9926233333333332, 0.9935166666666666, 0.9927599999999999, 0.99359, 0.9931766666666667, 0.99412, 0.9932433333333335, 0.99332, 0.99331, 0.9925700000000002, 0.9937866666666666, 0.9950799999999999, 0.9953600000000001, 0.9941466666666666, 0.9941333333333334, 0.9938166666666668, 0.9942433333333335, 0.9937633333333333, 0.9940066666666667, 0.99401, 0.9949866666666668, 0.9946333333333335, 0.9940666666666667, 0.9949433333333334, 0.9950566666666666, 0.9935199999999998, 0.9946333333333334, 0.9947800000000001], "test_loss": [7.433799999999999, 0.4460233333333333, 0.25352, 0.19697999999999996, 0.15287666666666666, 0.16013666666666668, 0.16667, 0.14906999999999998, 0.12580666666666668, 0.12136, 0.13609, 0.11928666666666664, 0.10208333333333336, 0.08914, 0.09887000000000003, 0.11166000000000001, 0.08638, 0.10515333333333335, 0.10227333333333331, 0.09703333333333333, 0.10610000000000003, 0.10287333333333332, 0.08718, 0.10862333333333334, 0.11843999999999998, 0.08182333333333335, 0.07229333333333333, 0.10914666666666667, 0.10315999999999999, 0.09045666666666666, 0.09928, 0.08905, 0.08912333333333332, 0.08663333333333335, 0.10014333333333333, 0.07492333333333333, 0.09110333333333336, 0.07861333333333334, 0.08540333333333333, 0.07274333333333333, 0.09691333333333332, 0.08898333333333334, 0.07412, 0.06673, 0.10609666666666669, 0.09399333333333332, 0.10487333333333333, 0.12284666666666667, 0.08688, 0.10589333333333334, 0.11311333333333333, 0.14814000000000002, 0.07613000000000002, 0.10706000000000002, 0.09950333333333333, 0.09582333333333333, 0.09278, 0.11356999999999999, 0.10181333333333331, 0.10135666666666666]}