{"test_accuracy": [0.2061666666666667, 0.29158333333333336, 0.33991666666666664, 0.3653333333333333, 0.3906666666666668, 0.4264166666666667, 0.43549999999999994, 0.4484166666666667, 0.46808333333333335, 0.46625, 0.48224999999999996, 0.49000000000000005, 0.5065833333333333, 0.50975, 0.5243333333333332, 0.53225, 0.5383333333333334, 0.5504166666666667, 0.5494166666666668, 0.5464166666666668, 0.5659166666666667, 0.5633333333333332, 0.5829166666666666, 0.5695833333333334, 0.5793333333333333, 0.5816666666666667, 0.5848333333333333, 0.58675, 0.5922499999999999, 0.5985833333333334, 0.5988333333333332, 0.6030000000000001, 0.6084999999999999, 0.610583333333333, 0.6120833333333334, 0.6159166666666668, 0.615, 0.621, 0.6198333333333333, 0.6198333333333336, 0.6162500000000002, 0.6167499999999999, 0.6264166666666667, 0.6297499999999998, 0.6315833333333332, 0.6324166666666666, 0.6289166666666666, 0.6340833333333333, 0.6297499999999999, 0.6265833333333334, 0.6491666666666666, 0.6349999999999999, 0.6339166666666666, 0.64, 0.6375, 0.6440833333333332, 0.6410833333333333, 0.6419166666666668, 0.6478333333333332, 0.6441666666666667, 0.6476666666666667, 0.6408333333333333, 0.6511666666666666, 0.6550833333333335, 0.6480833333333333, 0.6551666666666667, 0.6462499999999999, 0.6570833333333331, 0.6595833333333334, 0.65725, 0.6495833333333334, 0.657833333333333, 0.6545833333333334, 0.6534166666666666, 0.6569166666666667, 0.6563333333333333, 0.6565000000000001, 0.6582499999999999, 0.6595, 0.6535833333333332, 0.6575, 0.6620833333333334, 0.6654166666666667, 0.6591666666666668, 0.6630833333333332, 0.6587500000000001, 0.6625833333333332, 0.659, 0.6635833333333334, 0.6634999999999998, 0.6578333333333333, 0.65825, 0.6575000000000001, 0.6715833333333332, 0.6627500000000002, 0.666, 0.6634999999999999, 0.6590833333333334, 0.6674166666666668, 0.6631666666666667], "test_loss": [8.955036666666667, 8.361566666666667, 7.892753333333332, 7.525689999999999, 7.26289, 6.956596666666667, 6.712269999999999, 6.492, 6.2490033333333335, 6.137386666666667, 6.008753333333334, 5.794569999999999, 5.7300933333333335, 5.6133966666666675, 5.501336666666666, 5.339936666666667, 5.2958766666666675, 5.244699999999999, 5.0206066666666676, 5.081799999999999, 4.941876666666667, 4.976766666666667, 4.846539999999999, 4.973966666666666, 4.943973333333334, 4.754236666666667, 4.7266900000000005, 4.7628433333333335, 4.69635, 4.569226666666666, 4.490819999999999, 4.50529, 4.447926666666666, 4.40448, 4.3988, 4.40317, 4.423640000000001, 4.285656666666667, 4.3151166666666665, 4.329103333333333, 4.378296666666667, 4.321063333333333, 4.170526666666667, 4.24943, 4.142493333333333, 4.240766666666667, 4.192706666666667, 4.201890000000001, 4.211146666666666, 4.2746200000000005, 4.0672733333333335, 4.208553333333333, 4.107786666666666, 4.075026666666666, 4.087116666666667, 4.04887, 4.096223333333333, 3.9951066666666666, 4.063846666666667, 4.0440700000000005, 3.959276666666667, 3.9533133333333335, 3.95333, 3.97974, 4.016133333333333, 3.9980900000000004, 4.02494, 3.956483333333333, 3.83233, 3.9407066666666664, 4.026223333333333, 3.8088566666666677, 3.9298500000000005, 3.9368533333333335, 3.87124, 4.014106666666667, 4.0102199999999995, 3.902569999999999, 3.867993333333333, 3.950683333333333, 3.988496666666666, 3.92787, 3.850519999999999, 3.8729466666666665, 3.8776233333333328, 4.0016766666666665, 3.99118, 4.0191333333333334, 3.909386666666667, 3.891953333333333, 4.026196666666666, 3.9597933333333346, 3.8953100000000003, 3.917803333333333, 3.9234333333333327, 3.888756666666666, 3.96822, 3.988333333333334, 3.8569600000000004, 3.8619533333333336]}