{"test_accuracy": [0.11574999999999999, 0.10083333333333333, 0.1, 0.1, 0.1, 0.10083333333333332, 0.10016666666666667, 0.13391666666666666, 0.1383333333333333, 0.14466666666666667, 0.13391666666666666, 0.15724999999999997, 0.15508333333333335, 0.11999999999999997, 0.13391666666666666, 0.13149999999999998, 0.14541666666666667, 0.15783333333333335, 0.133, 0.14508333333333334, 0.14516666666666664, 0.13708333333333333, 0.14325000000000002, 0.1438333333333333, 0.14208333333333334, 0.1653333333333333, 0.15750000000000006, 0.16208333333333333, 0.15458333333333332, 0.1749166666666667, 0.178, 0.17441666666666664, 0.14525, 0.17925000000000002, 0.13883333333333336, 0.19008333333333333, 0.15108333333333332, 0.1735833333333333, 0.13249999999999998, 0.14849999999999997, 0.15266666666666667, 0.18058333333333335, 0.18183333333333337, 0.19400000000000003, 0.1795, 0.19375000000000003, 0.17791666666666667, 0.19575, 0.18008333333333335, 0.19008333333333333, 0.1716666666666666, 0.1746666666666666, 0.1701666666666667, 0.18891666666666668, 0.1676666666666667, 0.18633333333333332, 0.17266666666666672, 0.19933333333333333, 0.21641666666666665, 0.20408333333333334, 0.1945833333333333, 0.20108333333333334, 0.19599999999999998, 0.20666666666666667, 0.19824999999999995, 0.19758333333333328, 0.20516666666666666, 0.18900000000000003, 0.2043333333333334, 0.16991666666666663, 0.19725, 0.18875, 0.22241666666666665, 0.19275, 0.21308333333333332, 0.18849999999999997, 0.22875000000000004, 0.22591666666666668, 0.24250000000000002, 0.22616666666666665, 0.22033333333333335, 0.2290833333333334, 0.20366666666666663, 0.2146666666666667, 0.2010833333333334, 0.19975, 0.20066666666666666, 0.20016666666666666, 0.20299999999999996, 0.21508333333333335, 0.20391666666666666, 0.20266666666666666, 0.22425, 0.23733333333333337, 0.21608333333333332, 0.24283333333333335, 0.21133333333333332, 0.20875000000000002, 0.2233333333333333, 0.24058333333333334], "test_loss": [9.457483333333332, 9.257656666666668, 9.269876666666667, 9.523433333333335, 10.365839999999999, 11.006153333333334, 10.625246666666664, 10.467459999999999, 9.645073333333332, 9.68152, 10.145803333333333, 9.805123333333334, 9.862603333333334, 9.81227666666667, 9.725396666666665, 9.67771, 9.685283333333333, 9.822906666666666, 9.63746, 9.634093333333334, 9.433813333333337, 9.736686666666666, 9.526240000000001, 9.474103333333334, 9.785329999999998, 9.53647, 9.732353333333334, 9.468136666666668, 9.608906666666668, 9.530040000000003, 9.330843333333332, 9.540343333333334, 9.510543333333334, 9.929673333333332, 9.35093, 9.130306666666668, 9.063523333333334, 9.36074666666667, 9.606623333333333, 9.49944, 9.792189999999998, 9.132276666666664, 9.069203333333332, 9.101730000000002, 9.405876666666668, 9.295376666666666, 9.485103333333333, 9.297360000000001, 9.248866666666665, 9.166126666666667, 9.286606666666668, 9.163363333333333, 9.201590000000001, 8.962473333333334, 8.938633333333335, 8.9675, 9.060193333333332, 8.96701, 8.947706666666667, 8.889633333333332, 9.015816666666666, 9.164576666666669, 9.00917, 9.117963333333334, 8.78101, 8.937796666666666, 8.887936666666665, 8.816316666666667, 8.761963333333334, 9.092593333333333, 9.132453333333334, 8.833176666666667, 8.658236666666669, 8.691516666666667, 8.871903333333332, 8.830809999999998, 8.813543333333335, 8.614563333333333, 8.52298, 8.5899, 8.610320000000002, 8.769563333333334, 8.770279999999998, 8.681866666666668, 8.841926666666666, 8.729323333333333, 8.782469999999998, 8.574636666666665, 8.636116666666664, 8.356433333333333, 8.54644, 8.623076666666666, 8.660103333333332, 8.353223333333334, 8.614136666666667, 8.412693333333332, 8.550049999999999, 8.935413333333333, 8.556066666666664, 8.358713333333332]}