{"test_accuracy": [0.3445533333333334, 0.44688666666666665, 0.51066, 0.5531666666666666, 0.5842833333333334, 0.6063033333333334, 0.6277366666666666, 0.6369666666666666, 0.6550533333333333, 0.6783699999999998, 0.6741666666666667, 0.6889133333333333, 0.6909266666666666, 0.7187066666666666, 0.7239933333333333, 0.7307233333333335, 0.7284466666666666, 0.7248166666666669, 0.7322666666666665, 0.7490666666666665, 0.7444866666666665, 0.75333, 0.7510499999999999, 0.7520933333333332, 0.7626866666666667, 0.7685866666666664, 0.76492, 0.7641666666666668, 0.7616266666666667, 0.7551599999999999, 0.77405, 0.7584466666666666, 0.7711033333333333, 0.77049, 0.77908, 0.78149, 0.7682466666666666, 0.7804466666666667, 0.7918533333333334, 0.7834999999999999, 0.7828700000000001, 0.7747566666666666, 0.7760666666666666, 0.7816799999999998, 0.77892, 0.7843566666666667, 0.7819933333333334, 0.7886266666666667, 0.7936599999999999, 0.7927266666666667, 0.7816666666666667, 0.7887133333333334, 0.7803900000000001, 0.7895400000000001, 0.7876466666666665, 0.7742766666666666, 0.7947933333333334, 0.7950999999999998, 0.7767833333333332, 0.78583], "test_loss": [6.499706666666668, 5.317566666666667, 4.819086666666665, 4.41495, 4.2048966666666665, 3.9494599999999997, 3.761203333333333, 3.5863899999999997, 3.40391, 3.2401166666666668, 3.2629500000000005, 3.0974866666666676, 3.041283333333333, 2.881003333333333, 2.8006800000000003, 2.766746666666667, 2.737306666666667, 2.723730000000001, 2.623946666666667, 2.5610266666666672, 2.6466066666666666, 2.514306666666666, 2.551336666666667, 2.504843333333333, 2.446019999999999, 2.3975133333333334, 2.4783699999999995, 2.423763333333333, 2.4190066666666663, 2.5122766666666663, 2.4455066666666663, 2.50835, 2.43323, 2.405286666666667, 2.342483333333333, 2.39545, 2.4922433333333336, 2.3104066666666667, 2.3093966666666663, 2.34508, 2.3129266666666664, 2.405736666666667, 2.4112166666666663, 2.3490200000000003, 2.3851233333333335, 2.3569266666666673, 2.44052, 2.382056666666666, 2.457193333333333, 2.3590699999999996, 2.423763333333333, 2.3486866666666666, 2.45024, 2.4162633333333328, 2.38159, 2.4838000000000005, 2.33995, 2.346273333333334, 2.4422399999999995, 2.4036633333333333]}