{"test_accuracy": [0.3694633333333334, 0.45832, 0.5157633333333334, 0.5545433333333333, 0.58419, 0.6001766666666666, 0.6332433333333334, 0.6424266666666667, 0.6646933333333335, 0.6728766666666667, 0.6825933333333334, 0.7013233333333334, 0.7026666666666668, 0.7078333333333333, 0.7197200000000001, 0.7241966666666664, 0.7316333333333332, 0.7315033333333332, 0.7381933333333334, 0.7435066666666666, 0.7480733333333333, 0.7531866666666666, 0.75261, 0.7544233333333333, 0.7599333333333332, 0.7655033333333334, 0.76271, 0.7615566666666667, 0.76445, 0.7681933333333332, 0.77267, 0.76847, 0.7765166666666669, 0.7766633333333333, 0.7748933333333332, 0.7728499999999998, 0.7779066666666666, 0.7792633333333332, 0.7798633333333334, 0.7786033333333333, 0.7764766666666668, 0.7840366666666669, 0.7817366666666666, 0.7826533333333334, 0.7870499999999999, 0.78331, 0.7855366666666668, 0.7883533333333332, 0.78521, 0.7840566666666666, 0.7863266666666667, 0.7899, 0.7846100000000001, 0.7896766666666667, 0.7870699999999999, 0.7899466666666667, 0.7865066666666667, 0.7906866666666665, 0.7937966666666666, 0.7904633333333334], "test_loss": [6.640773333333333, 5.402076666666667, 4.955703333333333, 4.582866666666666, 4.69423, 4.466939999999999, 4.185173333333334, 4.00577, 3.865393333333334, 4.05388, 3.9179766666666667, 3.7367233333333334, 3.693783333333333, 3.580023333333334, 3.7717000000000005, 3.74558, 3.6388899999999995, 3.6220966666666663, 3.485223333333333, 3.8503366666666667, 3.8261699999999994, 3.836, 3.8322833333333333, 3.7251499999999997, 3.972503333333333, 3.9142, 3.86952, 3.9428066666666677, 3.88653, 4.242703333333333, 4.210916666666667, 4.273716666666667, 4.114493333333333, 4.321396666666668, 4.506026666666666, 4.582986666666668, 4.518816666666667, 4.516096666666667, 4.582986666666668, 5.080756666666668, 4.930340000000001, 4.924033333333333, 5.042083333333334, 4.929093333333333, 5.540823333333333, 5.59718, 5.561356666666667, 5.5033666666666665, 5.516526666666667, 6.141993333333334, 6.180326666666665, 6.023660000000001, 6.308766666666667, 6.005866666666665, 6.7735666666666665, 6.859446666666667, 6.905613333333333, 6.901456666666666, 6.794083333333334, 7.538723333333333]}