{"test_accuracy": [0.13425, 0.09775, 0.1, 0.1265, 0.11033333333333335, 0.10933333333333332, 0.16691666666666666, 0.10658333333333335, 0.11375000000000002, 0.10916666666666668, 0.17625, 0.10400000000000001, 0.14533333333333334, 0.13708333333333333, 0.13841666666666666, 0.13008333333333333, 0.1759166666666667, 0.14091666666666666, 0.15975, 0.15362000000000003, 0.12412, 0.15078000000000003, 0.14218, 0.1924133333333333, 0.12965, 0.13913999999999996, 0.20086999999999997, 0.10995, 0.19032333333333332, 0.16054333333333332, 0.20841666666666667, 0.15229666666666666, 0.21451999999999996, 0.14389333333333332, 0.22695000000000004, 0.16939333333333334, 0.22753666666666664, 0.17191333333333333, 0.20581999999999998, 0.16077333333333338, 0.21128, 0.16028, 0.1454033333333333, 0.13349333333333335, 0.17253333333333334, 0.1292, 0.12766, 0.20389000000000002, 0.14021666666666663, 0.22915666666666665, 0.12453000000000003, 0.23268333333333333, 0.13468333333333332, 0.23104000000000005, 0.12616, 0.24172, 0.16549333333333333, 0.22652333333333333, 0.14525, 0.2949833333333334], "test_loss": [9.388399999999999, 9.22885, 9.239390000000002, 9.509226666666667, 10.115593333333331, 10.597513333333334, 9.90996, 9.832586666666666, 9.628183333333332, 9.857850000000003, 9.62859, 9.628980000000002, 10.18773, 9.821646666666664, 9.821323333333336, 9.846956666666667, 9.827873333333335, 9.788776666666665, 9.70039333333333, 9.422906666666668, 9.796753333333331, 9.878116666666667, 9.744766666666667, 9.68302, 9.285253333333335, 9.667509999999998, 9.281213333333334, 9.952820000000001, 9.550073333333334, 9.718376666666668, 9.50642, 9.756639999999999, 9.658543333333332, 9.721786666666667, 9.16018, 9.309886666666667, 8.96427, 9.422223333333335, 9.0719, 9.287960000000002, 9.520453333333332, 9.631243333333334, 9.81228, 9.691856666666666, 9.210479999999999, 9.585326666666669, 9.236130000000001, 9.444796666666665, 9.655783333333334, 9.68740666666667, 8.989209999999998, 8.84712, 9.266243333333335, 9.068333333333333, 8.890103333333334, 8.88987, 8.850933333333334, 8.692326666666666, 9.577163333333333, 10.200966666666666]}