{"test_accuracy": [0.3529733333333333, 0.4335466666666667, 0.49165666666666663, 0.5391833333333333, 0.5823066666666665, 0.5942866666666667, 0.6111, 0.6565799999999999, 0.6588266666666667, 0.6719266666666669, 0.6700266666666667, 0.6740433333333333, 0.6963666666666668, 0.69748, 0.7046833333333333, 0.7123000000000002, 0.7142933333333333, 0.7155533333333335, 0.7162133333333334, 0.7223033333333332, 0.7311266666666665, 0.7360599999999999, 0.7318133333333333, 0.7285066666666667, 0.7361333333333333, 0.7463766666666667, 0.7420833333333334, 0.7516233333333332, 0.7496433333333334, 0.7566333333333333, 0.7577866666666665, 0.7552533333333334, 0.76493, 0.7622066666666666, 0.7580733333333334, 0.7572799999999998, 0.7543199999999998, 0.7620333333333333, 0.7649833333333333, 0.7708366666666664, 0.7721366666666666, 0.7705433333333335, 0.7569366666666667, 0.7676, 0.76714, 0.7632033333333332, 0.7660766666666666, 0.7666599999999999, 0.7762533333333331, 0.7624566666666667, 0.7682633333333332, 0.7634466666666668, 0.7719466666666667, 0.7648333333333333, 0.7713366666666666, 0.7758466666666666, 0.7754599999999999, 0.7783933333333334, 0.7762300000000001, 0.7772633333333334, 0.7761166666666666, 0.7672066666666666, 0.7762133333333334, 0.7767999999999998, 0.77846, 0.7794366666666667, 0.7730266666666666, 0.7764466666666667, 0.7761499999999999, 0.7704833333333333, 0.7782933333333336, 0.7895899999999998, 0.7717799999999999, 0.7827033333333334, 0.7780566666666666, 0.7809433333333333, 0.7749633333333333, 0.7756899999999999, 0.7767799999999999, 0.7797533333333334, 0.7789166666666667, 0.7787433333333332, 0.7719933333333333, 0.7805333333333333, 0.7747499999999999, 0.77905, 0.7796666666666667, 0.7739733333333334, 0.7873133333333333, 0.7736233333333332, 0.7814866666666666, 0.7842333333333333, 0.7777999999999998, 0.7849166666666666, 0.7818666666666665, 0.7873566666666669, 0.7738, 0.7845633333333333, 0.7849700000000001, 0.7904700000000001], "test_loss": [6.7848099999999985, 5.576793333333334, 5.10117, 4.710256666666667, 4.246963333333334, 4.152323333333333, 3.9800866666666668, 3.6530966666666673, 3.53494, 3.4673566666666664, 3.3905333333333334, 3.3112866666666667, 3.2047499999999993, 3.101893333333334, 3.1200833333333335, 3.0703233333333335, 2.966746666666666, 2.9687733333333335, 2.9407466666666666, 2.9332533333333335, 2.8132466666666667, 2.8177299999999996, 2.912916666666667, 2.9027799999999995, 2.719556666666667, 2.7324200000000007, 2.7546066666666675, 2.654503333333333, 2.6744, 2.647516666666667, 2.6604200000000002, 2.6914000000000007, 2.53826, 2.584376666666667, 2.603846666666666, 2.6452633333333333, 2.54443, 2.6534766666666667, 2.5667, 2.5337266666666665, 2.6059833333333335, 2.48304, 2.567483333333333, 2.5782666666666665, 2.588076666666666, 2.570606666666666, 2.698843333333333, 2.6436333333333337, 2.53225, 2.670426666666666, 2.6887933333333343, 2.6589666666666667, 2.63541, 2.6783999999999994, 2.6092266666666664, 2.56535, 2.60797, 2.496203333333333, 2.5529633333333335, 2.6013700000000006, 2.682126666666667, 2.615086666666667, 2.6810400000000003, 2.666723333333334, 2.7397766666666667, 2.637806666666667, 2.5380366666666663, 2.6671333333333336, 2.6220366666666672, 2.7034066666666665, 2.711056666666667, 2.6367933333333324, 2.7377233333333333, 2.621226666666667, 2.68557, 2.687599999999999, 2.6069299999999997, 2.7625133333333336, 2.7181233333333332, 2.6437033333333337, 2.639663333333333, 2.7031100000000006, 2.8142033333333334, 2.7132133333333344, 2.73692, 2.7234933333333324, 2.6902966666666677, 2.828826666666667, 2.6107966666666664, 2.7156166666666675, 2.7507366666666666, 2.597763333333333, 2.765886666666667, 2.803023333333334, 2.673713333333333, 2.75743, 2.8221533333333326, 2.7722, 2.6824700000000004, 2.5886533333333337]}