{"test_accuracy": [0.109, 0.10041666666666667, 0.13724999999999998, 0.10175000000000001, 0.1, 0.10058333333333332, 0.13041666666666668, 0.10283333333333333, 0.12883333333333333, 0.09875000000000002, 0.1396666666666667, 0.10008333333333333, 0.10041666666666665, 0.11441666666666664, 0.13, 0.12258333333333332, 0.15341666666666665, 0.10608333333333334, 0.14375, 0.14125, 0.16041666666666662, 0.17541666666666667, 0.16725, 0.16658333333333336, 0.15933333333333335, 0.15083333333333335, 0.151, 0.16708333333333333, 0.15083333333333332, 0.16825, 0.18500000000000003, 0.17024999999999998, 0.16083333333333333, 0.13866666666666663, 0.16108333333333338, 0.18541666666666667, 0.1735833333333333, 0.1920833333333333, 0.16816666666666666, 0.19366666666666665, 0.1705, 0.21133333333333332, 0.1716666666666667, 0.19233333333333333, 0.18075000000000002, 0.1814166666666667, 0.18416666666666665, 0.18491666666666665, 0.1749166666666667, 0.2093333333333333, 0.17341666666666666, 0.21066666666666667, 0.2, 0.18158333333333332, 0.18883333333333335, 0.20225, 0.19141666666666668, 0.19258333333333333, 0.17816666666666667, 0.16266666666666665, 0.17875, 0.16333333333333336, 0.18499999999999997, 0.20291666666666666, 0.19608333333333333, 0.19233333333333333, 0.19383333333333327, 0.18716666666666668, 0.20058333333333336, 0.1845, 0.217, 0.2464166666666667, 0.23441666666666666, 0.2514166666666666, 0.21183333333333332, 0.2349166666666667, 0.22516666666666668, 0.19633333333333333, 0.22391666666666665, 0.21875, 0.21441666666666664, 0.2076666666666667, 0.22058333333333335, 0.22016666666666665, 0.1900833333333333, 0.22175, 0.20391666666666666, 0.2259166666666666, 0.19216666666666662, 0.23299999999999996, 0.20808333333333331, 0.23183333333333334, 0.2119166666666667, 0.229, 0.2196666666666667, 0.23424999999999999, 0.21525, 0.23975000000000002, 0.21241666666666664, 0.216], "test_loss": [9.357846666666667, 9.206189999999998, 9.190846666666665, 9.432806666666668, 10.28117, 11.500000000000002, 10.881436666666666, 9.987606666666668, 10.063766666666668, 10.337913333333335, 10.460643333333334, 10.983643333333331, 10.402413333333334, 10.153183333333336, 9.864416666666667, 9.366953333333333, 9.459706666666666, 9.489949999999999, 9.661380000000001, 9.643806666666666, 9.71908666666667, 9.891593333333333, 9.586813333333334, 9.757733333333334, 9.546723333333334, 9.630626666666666, 9.465753333333332, 9.456016666666669, 9.504686666666666, 9.56427, 9.407603333333334, 9.214030000000001, 9.23915, 9.655503333333334, 9.660556666666668, 9.675696666666665, 9.637423333333336, 9.669896666666666, 9.585079999999998, 9.744693333333334, 9.198983333333334, 9.443153333333333, 9.49795, 9.849263333333333, 9.545709999999998, 9.477193333333332, 9.61739, 9.560546666666665, 9.604060000000002, 9.47663666666667, 9.048506666666666, 9.084263333333332, 8.858413333333335, 9.05086, 9.19926, 8.92801, 8.899309999999998, 9.08284, 9.085233333333333, 9.169923333333333, 9.193633333333334, 9.032203333333333, 8.97379, 8.788966666666669, 8.711773333333333, 8.807913333333335, 8.866286666666667, 8.933620000000001, 9.219713333333333, 9.004570000000001, 8.698106666666668, 8.525376666666666, 8.442986666666666, 8.412153333333332, 8.439313333333333, 8.601846666666665, 8.541136666666667, 8.769926666666667, 9.270196666666665, 8.68078, 8.677303333333333, 8.618240000000002, 8.59168, 8.597450000000002, 8.58344, 8.720273333333333, 8.528053333333334, 8.742140000000001, 8.589933333333333, 8.701369999999999, 8.36931, 8.36402, 8.445746666666667, 8.363533333333335, 8.52853, 8.54425, 8.633289999999999, 8.378060000000001, 8.579546666666667, 8.724246666666666]}