{"test_accuracy": [0.3756666666666667, 0.4317500000000001, 0.47333333333333333, 0.5223333333333333, 0.5589999999999999, 0.5703333333333335, 0.58675, 0.6087500000000002, 0.6311666666666668, 0.6443333333333333, 0.6605, 0.67175, 0.6656666666666667, 0.6903333333333332, 0.6904166666666666, 0.697, 0.7082499999999999, 0.7152499999999999, 0.7178333333333331, 0.7211666666666668, 0.7245000000000001, 0.7253333333333334, 0.7307500000000001, 0.7307499999999999, 0.7415833333333333, 0.7410000000000001, 0.7439999999999999, 0.7501666666666668, 0.7453333333333333, 0.7535, 0.7490000000000001, 0.7533333333333332, 0.7564166666666667, 0.7513333333333334, 0.7551666666666665, 0.7610000000000002, 0.7605000000000001, 0.7606666666666667, 0.7559166666666666, 0.7639166666666667, 0.7655833333333334, 0.7702500000000001, 0.7676666666666667, 0.7662499999999999, 0.7677499999999999, 0.7713333333333333, 0.7709999999999998, 0.7768333333333332, 0.7734999999999999, 0.772, 0.7740833333333332, 0.7711666666666666, 0.7685833333333333, 0.7740833333333333, 0.7725833333333334, 0.7771666666666667, 0.7709166666666666, 0.7810833333333334, 0.7789166666666669, 0.7762500000000003, 0.7835, 0.7875, 0.7799166666666667, 0.7740833333333333, 0.7822500000000001, 0.7804166666666666, 0.7853333333333334, 0.7847500000000002, 0.7912500000000001, 0.7840833333333331, 0.7815833333333334, 0.785, 0.7902500000000001, 0.7789166666666668, 0.7834166666666668, 0.7844166666666667, 0.7808333333333334, 0.7834166666666669, 0.7869166666666666, 0.7822500000000001, 0.7861666666666665, 0.7840000000000001, 0.7887500000000001, 0.7838333333333335, 0.7834166666666669, 0.7915000000000002, 0.7895000000000001, 0.7856666666666666, 0.7907499999999998, 0.7921666666666668, 0.7848333333333332, 0.7877500000000001, 0.7920833333333335, 0.7804999999999999, 0.79225, 0.7838333333333334, 0.7897499999999998, 0.7890833333333334, 0.7954166666666665, 0.7878333333333333], "test_loss": [6.988359999999999, 6.229706666666666, 5.842436666666667, 5.3644799999999995, 5.040926666666667, 4.863953333333334, 4.675576666666666, 4.37647, 4.25011, 4.1837333333333335, 3.97668, 3.748989999999999, 3.8173766666666666, 3.6183866666666664, 3.548976666666667, 3.5102599999999997, 3.482293333333333, 3.383763333333334, 3.2620433333333336, 3.2768866666666674, 3.149556666666667, 3.1741599999999996, 3.0921466666666664, 3.1875966666666664, 3.007193333333333, 3.0720433333333332, 3.0848966666666664, 2.986736666666667, 3.0072333333333328, 2.9187233333333333, 3.0095333333333345, 2.97781, 2.9007300000000007, 2.854263333333334, 2.898676666666667, 2.819923333333334, 2.884343333333333, 2.8336833333333336, 2.8834466666666665, 2.777646666666667, 2.8591466666666663, 2.7668233333333334, 2.8049966666666672, 2.8077099999999993, 2.78463, 2.7772366666666666, 2.8404000000000003, 2.7615566666666664, 2.7893933333333334, 2.795423333333333, 2.7692199999999993, 2.7717533333333333, 2.8219799999999995, 2.8019900000000004, 2.7930366666666666, 2.811, 2.722186666666666, 2.810523333333333, 2.7693499999999998, 2.7104500000000002, 2.61476, 2.5643, 2.7688633333333335, 2.8095466666666677, 2.7463166666666665, 2.7320633333333335, 2.7909066666666664, 2.8419366666666668, 2.688506666666667, 2.6187833333333335, 2.8152866666666667, 2.728886666666667, 2.654146666666667, 2.8784666666666663, 2.758886666666667, 2.8154233333333334, 2.8702566666666667, 2.9239466666666667, 2.7057200000000003, 2.7429099999999997, 2.9245833333333335, 2.944496666666667, 2.83442, 2.976840000000001, 2.73346, 2.7436200000000004, 2.786916666666667, 2.80717, 2.8071466666666662, 2.8432033333333333, 2.6813233333333333, 2.910953333333334, 2.723136666666667, 2.832983333333333, 2.7708866666666667, 2.8644666666666665, 2.8235, 2.8375333333333335, 2.7374666666666667, 2.8074033333333324]}