{"test_accuracy": [0.4085833333333334, 0.4970833333333334, 0.5736666666666665, 0.6014166666666667, 0.6221666666666666, 0.6506666666666666, 0.6672499999999999, 0.6905833333333334, 0.688, 0.7049166666666667, 0.706, 0.714, 0.7263333333333334, 0.7277499999999998, 0.7301666666666667, 0.7346666666666664, 0.7465833333333334, 0.744, 0.7544166666666664, 0.7412500000000002, 0.7505000000000001, 0.7495833333333334, 0.7556666666666666, 0.7536666666666665, 0.7574166666666665, 0.7655000000000001, 0.7610833333333333, 0.76875, 0.76625, 0.7681666666666666, 0.76775, 0.7683333333333333, 0.7725000000000001, 0.7675, 0.7770833333333333, 0.7753333333333333, 0.7719999999999999, 0.76975, 0.7724166666666666, 0.7714166666666668, 0.7717500000000002, 0.7814999999999999, 0.7797499999999999, 0.7764166666666665, 0.7802500000000001, 0.7771666666666667, 0.7804166666666669, 0.7790833333333335, 0.7823333333333333, 0.7773333333333335, 0.7771666666666667, 0.7780833333333335, 0.7857500000000001, 0.7814999999999999, 0.7843333333333332, 0.77875, 0.7841666666666669, 0.7792500000000001, 0.7816666666666667, 0.7882499999999999, 0.77875, 0.7845833333333333, 0.7881666666666666, 0.7785833333333333, 0.7834166666666668, 0.7842499999999999, 0.7800833333333332, 0.7799166666666668, 0.7865, 0.7886666666666667, 0.7780833333333333, 0.7796666666666666, 0.7864999999999999, 0.7919166666666667, 0.7781666666666668, 0.7886666666666667, 0.7836666666666667, 0.7925833333333333, 0.7896666666666666, 0.7865833333333332, 0.7915833333333333, 0.78125, 0.7863333333333334, 0.7875833333333333, 0.7938333333333333, 0.7848333333333333, 0.7924166666666665, 0.7893333333333334, 0.7831666666666667, 0.7869999999999998, 0.7837500000000002, 0.7931666666666665, 0.7874166666666665, 0.7868333333333334, 0.7886666666666667, 0.7892500000000001, 0.7911666666666669, 0.7904999999999999, 0.7901666666666666, 0.7865833333333333], "test_loss": [6.760670000000001, 5.583956666666665, 4.932559999999999, 4.6135399999999995, 4.3196666666666665, 4.017510000000001, 3.8550966666666673, 3.7683599999999995, 3.64108, 3.375706666666667, 3.3427766666666674, 3.4386566666666667, 3.300206666666667, 3.22352, 3.230446666666667, 3.1454, 3.069913333333333, 3.15978, 3.092043333333334, 3.1010599999999995, 3.0867, 2.9289199999999997, 3.120153333333333, 3.2294066666666668, 3.0541266666666673, 3.00227, 3.0489766666666673, 3.03284, 2.9000999999999997, 2.970833333333333, 2.9812300000000005, 3.0861633333333334, 3.12005, 3.0654200000000005, 2.7960133333333337, 2.9351333333333325, 3.0176866666666666, 3.0573399999999995, 3.0625633333333337, 3.0599333333333334, 3.254886666666666, 2.9650699999999994, 3.0103166666666668, 3.0020733333333336, 3.1054900000000005, 3.024456666666666, 2.950973333333333, 3.051606666666667, 3.07595, 3.1197266666666668, 3.0383799999999996, 3.0602633333333333, 3.1131699999999993, 3.098853333333333, 2.9947399999999997, 3.1700233333333334, 2.9744433333333333, 2.994003333333333, 3.014133333333334, 3.0967366666666662, 3.127603333333334, 3.205356666666667, 3.048933333333333, 3.26178, 3.1250566666666666, 3.0504933333333333, 3.2562033333333336, 3.229353333333333, 2.97656, 3.2002499999999996, 3.33246, 3.4172900000000004, 3.198666666666667, 3.099386666666667, 3.3343766666666665, 3.0206133333333343, 3.431653333333333, 3.1070166666666674, 3.2992333333333326, 3.2905966666666666, 3.0862033333333327, 3.16037, 3.150416666666666, 3.3119000000000005, 3.1892133333333335, 3.26261, 3.1675866666666668, 3.317553333333334, 3.3947233333333338, 3.39732, 3.3358966666666663, 3.2225166666666665, 3.2967333333333335, 3.4304733333333335, 3.2980233333333335, 3.2619833333333332, 3.2596033333333336, 3.336766666666667, 3.4229366666666667, 3.523943333333333]}