{"test_accuracy": [0.36866666666666664, 0.4326666666666667, 0.47275000000000006, 0.5134166666666666, 0.5344999999999999, 0.56625, 0.5901666666666667, 0.5931666666666666, 0.6215, 0.6321666666666667, 0.6528333333333334, 0.6534166666666666, 0.6747500000000001, 0.6856666666666666, 0.6901666666666667, 0.6984166666666667, 0.70125, 0.7100833333333333, 0.71675, 0.7119166666666666, 0.7124166666666667, 0.7258333333333334, 0.7203333333333332, 0.7294166666666666, 0.7302500000000001, 0.7421666666666668, 0.7388333333333335, 0.7378333333333332, 0.7381666666666666, 0.7505, 0.7493333333333335, 0.7520833333333332, 0.7514166666666667, 0.7573333333333332, 0.7615833333333335, 0.7548333333333335, 0.7573333333333333, 0.7600833333333331, 0.7622500000000001, 0.7618333333333333, 0.763, 0.7659166666666669, 0.7707499999999997, 0.7657499999999999, 0.7651666666666664, 0.7764166666666666, 0.7724999999999999, 0.7714166666666668, 0.7682500000000001, 0.7777500000000003, 0.7748333333333333, 0.7807499999999999, 0.7659166666666668, 0.7740833333333333, 0.7808333333333336, 0.7829166666666668, 0.7791666666666666, 0.7801666666666665, 0.7787499999999999, 0.7782499999999999, 0.7793333333333334, 0.7786666666666666, 0.7757500000000002, 0.7759166666666667, 0.7762499999999999, 0.7783333333333332, 0.7834999999999999, 0.7849166666666666, 0.7859166666666668, 0.7819999999999998, 0.7821666666666667, 0.7769166666666667, 0.7884166666666668, 0.7864166666666667, 0.7816666666666666, 0.7929166666666666, 0.7859166666666667, 0.7812500000000001, 0.7859999999999998, 0.7825, 0.7822499999999999, 0.7850833333333332, 0.7879166666666666, 0.7926666666666667, 0.78875, 0.7829999999999999, 0.7892499999999999, 0.7826666666666665, 0.7875833333333334, 0.7829166666666667, 0.7838333333333334, 0.7845, 0.79175, 0.7801666666666667, 0.7842500000000001, 0.7830833333333335, 0.7883333333333336, 0.792, 0.7823333333333334, 0.7873333333333332], "test_loss": [7.259523333333334, 6.29938, 5.915406666666667, 5.507256666666666, 5.177883333333335, 4.9211, 4.7292, 4.5216199999999995, 4.414126666666666, 4.192253333333334, 4.01359, 3.9814833333333337, 3.870766666666667, 3.697366666666666, 3.5841633333333336, 3.5663433333333336, 3.4876166666666664, 3.4376466666666663, 3.2965, 3.3524833333333333, 3.366096666666666, 3.21588, 3.3144900000000006, 3.222823333333333, 3.1526133333333335, 3.0940966666666663, 3.0276800000000006, 3.0767733333333336, 3.0727933333333337, 2.9230366666666665, 2.958393333333333, 2.955333333333334, 2.9414233333333337, 2.8908300000000002, 2.7921099999999996, 2.973816666666667, 2.850059999999999, 2.8791433333333325, 2.885743333333333, 2.895666666666666, 2.882466666666667, 2.77625, 2.7995200000000002, 2.8218266666666674, 2.8360133333333337, 2.74752, 2.7131866666666666, 2.7515000000000005, 2.770396666666667, 2.656729999999999, 2.890546666666667, 2.7014066666666663, 2.8707533333333335, 2.6663433333333324, 2.729856666666666, 2.6020766666666666, 2.7524666666666664, 2.730563333333334, 2.7679666666666662, 2.804106666666667, 2.7338999999999993, 2.8460666666666667, 2.8611566666666666, 2.772103333333334, 2.8488066666666665, 2.8133133333333333, 2.7959466666666666, 2.6338866666666663, 2.6703333333333332, 2.8035799999999997, 2.7998400000000006, 2.9571033333333334, 2.7472300000000005, 2.7774266666666656, 2.7637566666666666, 2.8093433333333335, 2.7431633333333334, 2.832013333333333, 2.746083333333334, 2.84034, 2.8947133333333332, 2.7813966666666667, 2.7992866666666667, 2.73862, 2.7595799999999993, 2.9026800000000006, 2.8626166666666664, 2.9393266666666666, 2.7636966666666667, 2.8677900000000003, 2.9839199999999995, 2.8015266666666667, 2.839326666666667, 2.999713333333334, 2.8168133333333336, 2.9139999999999997, 2.733533333333334, 2.77325, 3.0309766666666667, 2.9274566666666657]}