{"test_accuracy": [0.6633333333333333, 0.8059166666666667, 0.8019999999999999, 0.8951666666666664, 0.92019, 0.9310333333333332, 0.9400466666666667, 0.943673333333333, 0.9454733333333333, 0.9556066666666665, 0.9558066666666665, 0.9562299999999999, 0.9625033333333334, 0.9674266666666665, 0.9680299999999998, 0.9718100000000001, 0.9747933333333333, 0.9767066666666667, 0.97753, 0.97827, 0.9797600000000001, 0.9806633333333334, 0.9828899999999998, 0.9826333333333334, 0.9834199999999998, 0.9852433333333331, 0.9853366666666666, 0.9859066666666665, 0.9868533333333331, 0.9855433333333333, 0.98641, 0.9835333333333333, 0.9885433333333336, 0.9868766666666667, 0.9867633333333333, 0.9865200000000001, 0.9885666666666667, 0.98904, 0.9896700000000002, 0.9900833333333333, 0.9903533333333334, 0.99015, 0.9886999999999999, 0.9902266666666667, 0.9893966666666666, 0.9891133333333335, 0.9900033333333336, 0.9906666666666667, 0.9894666666666666, 0.9907099999999999, 0.9912900000000001, 0.991656666666667, 0.9919233333333332, 0.9914666666666666, 0.9910533333333335, 0.9927966666666667, 0.9925666666666666, 0.9916833333333334, 0.9918166666666667, 0.9920500000000002], "test_loss": [8.556516666666665, 6.83785, 5.0438366666666665, 2.7501733333333336, 1.86698, 1.3753699999999998, 1.1109033333333334, 0.9504666666666666, 0.8258100000000002, 0.6735766666666666, 0.6145266666666667, 0.5697233333333332, 0.5052866666666668, 0.43729333333333337, 0.5198066666666666, 0.41553666666666655, 0.38839999999999997, 0.35950333333333334, 0.32104666666666665, 0.33379333333333333, 0.28794666666666663, 0.27368666666666663, 0.23635666666666666, 0.23614, 0.2823366666666666, 0.25181000000000003, 0.25366666666666665, 0.2618766666666667, 0.22924666666666665, 0.24030333333333337, 0.24884666666666663, 0.3142066666666666, 0.21075333333333332, 0.22803666666666664, 0.2598933333333334, 0.27901333333333334, 0.22595333333333334, 0.24042666666666665, 0.21794, 0.21601666666666666, 0.22863999999999998, 0.20968333333333336, 0.24706999999999998, 0.2320133333333333, 0.25578666666666666, 0.27899, 0.22918333333333332, 0.24072000000000002, 0.2498033333333333, 0.28006, 0.23238666666666666, 0.23721, 0.2199833333333333, 0.2449366666666667, 0.2993966666666667, 0.2331966666666667, 0.23843333333333336, 0.2456, 0.25832, 0.2955133333333333]}