{"test_accuracy": [1.0, 1.0, 1.0, 1.0, 1.0, 1.0, 1.0, 1.0, 1.0, 0.4432633333333333, 0.4479033333333334, 0.44217666666666666, 0.4430066666666666, 0.19355333333333335, 0.4481866666666666, 0.44777333333333336, 0.44857333333333327, 0.44526, 0.44134666666666666, 0.20733999999999997, 0.20204666666666662, 0.20752333333333337, 0.20937666666666666, 0.20413666666666672, 0.20041, 0.20357333333333336, 0.20878666666666665, 0.20583, 0.20442666666666667, 0.12265999999999999, 0.12879000000000002, 0.12715333333333334, 0.12707666666666664, 0.12719999999999998, 0.12488333333333333, 0.12577666666666668, 0.1277033333333333, 0.12392666666666666, 0.12240999999999998, 0.10215666666666666, 0.10113333333333334, 0.10839666666666668, 0.10425, 0.10295666666666665, 0.10297666666666667, 0.10649, 0.10163666666666665, 0.10352333333333334, 0.10501666666666667, 0.09587999999999998, 0.09901000000000001, 0.10012666666666668, 0.10025333333333333, 0.09967333333333334, 0.09848, 0.10061333333333332, 0.10081333333333332, 0.10061333333333332, 0.09783000000000001, 0.10031], "test_loss": [9.143220000000001, 7.976536666666667, 8.05469, 8.109323333333332, 8.12631, 8.129983333333334, 8.131483333333335, 8.128316666666667, 8.125469999999998, 8.803926666666666, 8.796613333333333, 8.805703333333332, 8.804986666666668, 9.02635, 9.036766666666667, 8.842366666666665, 8.807326666666667, 8.810110000000002, 8.812433333333333, 9.09824, 9.105586666666666, 9.099150000000002, 9.096900000000002, 9.103226666666666, 9.10782, 9.103473333333334, 9.096740000000002, 9.101123333333335, 9.10289, 11.491516666666664, 11.485973333333334, 11.489473333333336, 11.4897, 11.484296666666665, 11.486113333333332, 11.49428333333333, 11.487546666666667, 11.492899999999999, 11.494320000000004, 11.572786666666666, 11.617396666666666, 11.59233, 11.599946666666666, 11.574143333333334, 11.589506666666669, 11.557889999999999, 11.570956666666666, 11.55801, 11.56153, 13.867436666666666, 13.852413333333333, 13.868826666666667, 13.86921, 13.892716666666667, 13.88089, 13.895056666666667, 13.900843333333333, 13.898413333333334, 13.890800000000002, 13.837786666666666]}